Id,label
0,2
1,0
2,1
3,3
4,1
5,1
6,4
7,5
8,0
9,7
10,2
11,7
12,8
13,1
14,8
15,8
16,5
17,8
18,4
19,3
20,3
21,1
22,3
23,8
24,5
25,3
26,9
27,1
28,1
29,0
30,7
31,1
32,7
33,8
34,8
35,4
36,2
37,2
38,7
39,0
40,9
41,6
42,0
43,5
44,6
45,0
46,0
47,3
48,8
49,8
50,4
51,1
52,0
53,3
54,2
55,1
56,8
57,3
58,8
59,4
60,5
61,9
62,6
63,8
64,4
65,6
66,3
67,5
68,1
69,9
70,0
71,5
72,6
73,3
74,4
75,7
76,0
77,2
78,6
79,0
80,4
81,2
82,5
83,2
84,4
85,1
86,9
87,7
88,8
89,6
90,1
91,8
92,9
93,2
94,9
95,7
96,0
97,4
98,5
99,9
100,8
101,5
102,4
103,2
104,6
105,9
106,4
107,9
108,3
109,5
110,5
111,4
112,0
113,0
114,5
115,9
116,1
117,6
118,9
119,3
120,7
121,6
122,5
123,0
124,5
125,2
126,8
127,4
128,5
129,3
130,0
131,8
132,5
133,4
134,4
135,0
136,5
137,4
138,0
139,6
140,7
141,2
142,6
143,8
144,0
145,9
146,8
147,7
148,7
149,9
150,3
151,5
152,9
153,7
154,3
155,5
156,5
157,0
158,1
159,9
160,3
161,4
162,4
163,4
164,8
165,4
166,3
167,6
168,3
169,0
170,1
171,1
172,6
173,6
174,7
175,1
176,5
177,5
178,8
179,3
180,5
181,7
182,9
183,8
184,4
185,2
186,3
187,8
188,4
189,7
190,9
191,2
192,4
193,2
194,2
195,5
196,3
197,5
198,6
199,8
200,7
201,8
202,5
203,1
204,2
205,5
206,8
207,2
208,1
209,9
210,6
211,0
212,3
213,9
214,7
215,1
216,7
217,7
218,4
219,9
220,8
221,0
222,7
223,3
224,4
225,3
226,6
227,9
228,9
229,2
230,7
231,9
232,7
233,6
234,8
235,0
236,1
237,1
238,0
239,7
240,6
241,3
242,5
243,7
244,7
245,6
246,3
247,6
248,2
249,9
250,2
251,1
252,3
253,2
254,2
255,6
256,7
257,9
258,8
259,1
260,0
261,7
262,4
263,2
264,0
265,1
266,4
267,8
268,9
269,2
270,7
271,8
272,5
273,2
274,8
275,7
276,4
277,9
278,9
279,7
280,1
281,5
282,4
283,5
284,8
285,8
286,5
287,3
288,5
289,6
290,9
291,3
292,5
293,2
294,0
295,2
296,8
297,8
298,9
299,9
300,5
301,8
302,1
303,5
304,9
305,3
306,1
307,4
308,2
309,0
310,1
311,0
312,6
313,1
314,2
315,1
316,9
317,3
318,8
319,1
320,1
321,7
322,3
323,5
324,8
325,9
326,7
327,0
328,3
329,9
330,0
331,6
332,1
333,1
334,4
335,3
336,7
337,9
338,9
339,2
340,0
341,0
342,7
343,8
344,0
345,1
346,6
347,5
348,6
349,9
350,0
351,1
352,9
353,0
354,2
355,4
356,6
357,8
358,4
359,2
360,1
361,8
362,6
363,1
364,3
365,4
366,1
367,6
368,8
369,4
370,9
371,5
372,5
373,7
374,1
375,8
376,7
377,7
378,2
379,6
380,1
381,7
382,9
383,8
384,2
385,9
386,4
387,6
388,3
389,1
390,7
391,9
392,0
393,8
394,6
395,4
396,0
397,1
398,4
399,9
400,0
401,8
402,0
403,5
404,5
405,8
406,0
407,7
408,2
409,1
410,9
411,4
412,6
413,9
414,5
415,6
416,6
417,9
418,5
419,0
420,3
421,0
422,4
423,9
424,0
425,5
426,5
427,9
428,7
429,2
430,2
431,8
432,2
433,3
434,3
435,8
436,6
437,4
438,5
439,6
440,4
441,7
442,7
443,0
444,6
445,9
446,6
447,6
448,1
449,6
450,5
451,9
452,0
453,9
454,5
455,2
456,9
457,7
458,4
459,5
460,7
461,0
462,4
463,3
464,0
465,5
466,2
467,9
468,5
469,5
470,1
471,3
472,8
473,5
474,3
475,9
476,9
477,7
478,1
479,7
480,9
481,8
482,6
483,0
484,3
485,2
486,6
487,0
488,4
489,2
490,0
491,6
492,6
493,9
494,4
495,4
496,8
497,3
498,4
499,4
500,8
501,3
502,3
503,0
504,2
505,5
506,9
507,8
508,2
509,5
510,4
511,1
512,2
513,8
514,3
515,4
516,1
517,8
518,5
519,6
520,4
521,4
522,0
523,3
524,0
525,8
526,6
527,4
528,0
529,1
530,9
531,7
532,5
533,2
534,5
535,0
536,3
537,7
538,3
539,4
540,1
541,5
542,2
543,3
544,6
545,1
546,1
547,0
548,1
549,9
550,9
551,9
552,2
553,2
554,0
555,7
556,8
557,7
558,3
559,1
560,6
561,1
562,1
563,5
564,4
565,4
566,2
567,4
568,1
569,9
570,2
571,5
572,0
573,5
574,6
575,1
576,1
577,2
578,8
579,2
580,7
581,8
582,4
583,7
584,3
585,9
586,4
587,9
588,0
589,3
590,2
591,8
592,0
593,0
594,6
595,8
596,7
597,8
598,5
599,0
600,9
601,8
602,4
603,1
604,1
605,7
606,1
607,6
608,6
609,2
610,9
611,5
612,4
613,3
614,0
615,2
616,4
617,8
618,7
619,0
620,7
621,2
622,9
623,6
624,5
625,2
626,9
627,7
628,9
629,0
630,6
631,2
632,2
633,2
634,8
635,8
636,1
637,1
638,0
639,2
640,1
641,3
642,0
643,7
644,1
645,2
646,2
647,5
648,3
649,3
650,8
651,9
652,5
653,2
654,8
655,9
656,5
657,9
658,6
659,4
660,4
661,7
662,3
663,5
664,9
665,7
666,5
667,1
668,6
669,1
670,1
671,0
672,6
673,7
674,5
675,5
676,3
677,3
678,2
679,9
680,2
681,8
682,0
683,8
684,8
685,7
686,3
687,5
688,9
689,1
690,0
691,3
692,1
693,2
694,2
695,9
696,7
697,4
698,7
699,6
700,1
701,4
702,9
703,8
704,4
705,1
706,3
707,6
708,4
709,2
710,0
711,4
712,2
713,4
714,5
715,5
716,8
717,5
718,5
719,4
720,1
721,4
722,4
723,5
724,5
725,6
726,0
727,3
728,7
729,1
730,2
731,2
732,4
733,9
734,3
735,3
736,2
737,9
738,4
739,7
740,6
741,3
742,7
743,5
744,7
745,1
746,1
747,4
748,5
749,3
750,6
751,1
752,7
753,9
754,4
755,8
756,5
757,9
758,5
759,6
760,6
761,1
762,0
763,8
764,3
765,7
766,5
767,2
768,4
769,1
770,7
771,6
772,4
773,9
774,1
775,2
776,4
777,7
778,4
779,0
780,1
781,5
782,9
783,2
784,5
785,1
786,6
787,5
788,8
789,2
790,4
791,0
792,0
793,7
794,8
795,4
796,9
797,4
798,0
799,2
800,2
801,1
802,4
803,9
804,4
805,7
806,9
807,2
808,7
809,6
810,4
811,5
812,6
813,6
814,7
815,6
816,2
817,6
818,9
819,9
820,6
821,1
822,6
823,0
824,3
825,4
826,5
827,8
828,7
829,0
830,6
831,6
832,7
833,7
834,0
835,6
836,3
837,9
838,9
839,1
840,3
841,6
842,5
843,5
844,7
845,4
846,0
847,9
848,7
849,6
850,5
851,7
852,9
853,4
854,7
855,5
856,7
857,0
858,4
859,1
860,9
861,1
862,6
863,2
864,3
865,0
866,3
867,8
868,6
869,6
870,4
871,7
872,7
873,5
874,4
875,7
876,2
877,4
878,1
879,4
880,7
881,9
882,8
883,9
884,7
885,1
886,8
887,8
888,2
889,2
890,9
891,8
892,1
893,1
894,7
895,7
896,5
897,4
898,1
899,1
900,2
901,1
902,7
903,3
904,7
905,3
906,1
907,1
908,2
909,7
910,8
911,9
912,5
913,8
914,8
915,2
916,0
917,3
918,3
919,5
920,9
921,5
922,6
923,7
924,5
925,3
926,1
927,0
928,6
929,2
930,6
931,0
932,2
933,3
934,1
935,6
936,8
937,5
938,3
939,2
940,5
941,2
942,7
943,0
944,1
945,6
946,4
947,5
948,7
949,0
950,0
951,2
952,7
953,8
954,8
955,0
956,2
957,0
958,0
959,6
960,2
961,2
962,1
963,0
964,6
965,7
966,5
967,5
968,8
969,2
970,2
971,4
972,0
973,3
974,4
975,0
976,9
977,1
978,3
979,5
980,1
981,0
982,2
983,5
984,9
985,1
986,3
987,3
988,2
989,3
990,4
991,0
992,6
993,4
994,2
995,7
996,8
997,5
998,2
999,4
1000,5
1001,8
1002,6
1003,9
1004,8
1005,7
1006,1
1007,3
1008,2
1009,1
1010,6
1011,1
1012,1
1013,3
1014,2
1015,6
1016,4
1017,8
1018,4
1019,5
1020,4
1021,1
1022,6
1023,7
1024,7
1025,6
1026,5
1027,3
1028,5
1029,5
1030,9
1031,6
1032,0
1033,4
1034,7
1035,1
1036,6
1037,6
1038,5
1039,5
1040,0
1041,4
1042,1
1043,5
1044,4
1045,1
1046,1
1047,6
1048,3
1049,0
1050,8
1051,0
1052,4
1053,2
1054,1
1055,7
1056,9
1057,1
1058,7
1059,7
1060,5
1061,0
1062,3
1063,3
1064,0
1065,7
1066,7
1067,0
1068,4
1069,8
1070,0
1071,8
1072,6
1073,9
1074,2
1075,0
1076,3
1077,9
1078,8
1079,1
1080,2
1081,9
1082,5
1083,5
1084,1
1085,7
1086,5
1087,5
1088,4
1089,2
1090,2
1091,6
1092,5
1093,3
1094,5
1095,0
1096,4
1097,6
1098,2
1099,1
1100,9
1101,0
1102,8
1103,2
1104,9
1105,4
1106,2
1107,7
1108,4
1109,5
1110,4
1111,4
1112,9
1113,0
1114,2
1115,0
1116,3
1117,2
1118,4
1119,7
1120,9
1121,7
1122,0
1123,4
1124,7
1125,7
1126,5
1127,8
1128,5
1129,8
1130,9
1131,5
1132,6
1133,2
1134,8
1135,2
1136,8
1137,4
1138,2
1139,6
1140,5
1141,3
1142,5
1143,8
1144,0
1145,0
1146,9
1147,5
1148,8
1149,9
1150,3
1151,0
1152,4
1153,9
1154,2
1155,2
1156,6
1157,7
1158,4
1159,1
1160,9
1161,5
1162,5
1163,9
1164,0
1165,2
1166,3
1167,8
1168,3
1169,8
1170,0
1171,1
1172,6
1173,4
1174,6
1175,7
1176,0
1177,0
1178,4
1179,4
1180,2
1181,8
1182,3
1183,9
1184,9
1185,8
1186,8
1187,2
1188,2
1189,7
1190,3
1191,3
1192,0
1193,4
1194,9
1195,4
1196,6
1197,4
1198,5
1199,4
1200,6
1201,2
1202,1
1203,5
1204,0
1205,4
1206,1
1207,8
1208,4
1209,2
1210,0
1211,6
1212,9
1213,6
1214,6
1215,9
1216,0
1217,4
1218,2
1219,0
1220,6
1221,5
1222,1
1223,8
1224,4
1225,8
1226,7
1227,5
1228,5
1229,1
1230,5
1231,4
1232,4
1233,8
1234,7
1235,1
1236,6
1237,5
1238,9
1239,2
1240,6
1241,3
1242,3
1243,9
1244,0
1245,3
1246,6
1247,6
1248,7
1249,9
1250,2
1251,3
1252,8
1253,7
1254,0
1255,5
1256,4
1257,2
1258,4
1259,2
1260,4
1261,9
1262,4
1263,4
1264,0
1265,0
1266,8
1267,5
1268,5
1269,4
1270,1
1271,6
1272,8
1273,2
1274,8
1275,1
1276,4
1277,4
1278,4
1279,7
1280,4
1281,6
1282,0
1283,5
1284,3
1285,7
1286,8
1287,7
1288,8
1289,6
1290,8
1291,2
1292,2
1293,1
1294,6
1295,1
1296,8
1297,8
1298,1
1299,5
1300,1
1301,6
1302,4
1303,1
1304,3
1305,4
1306,3
1307,1
1308,9
1309,4
1310,8
1311,3
1312,5
1313,0
1314,4
1315,7
1316,4
1317,8
1318,0
1319,3
1320,0
1321,0
1322,1
1323,7
1324,7
1325,6
1326,5
1327,1
1328,8
1329,6
1330,7
1331,5
1332,5
1333,7
1334,2
1335,8
1336,2
1337,7
1338,9
1339,8
1340,1
1341,1
1342,7
1343,4
1344,7
1345,5
1346,1
1347,6
1348,4
1349,6
1350,7
1351,2
1352,9
1353,6
1354,7
1355,3
1356,7
1357,9
1358,3
1359,2
1360,1
1361,6
1362,6
1363,3
1364,2
1365,2
1366,9
1367,9
1368,1
1369,4
1370,9
1371,2
1372,3
1373,9
1374,0
1375,0
1376,5
1377,8
1378,5
1379,8
1380,7
1381,8
1382,2
1383,1
1384,7
1385,1
1386,3
1387,1
1388,8
1389,8
1390,1
1391,6
1392,4
1393,8
1394,1
1395,2
1396,2
1397,8
1398,7
1399,9
1400,7
1401,0
1402,4
1403,4
1404,0
1405,2
1406,3
1407,5
1408,3
1409,4
1410,8
1411,3
1412,9
1413,3
1414,2
1415,0
1416,3
1417,2
1418,4
1419,0
1420,2
1421,0
1422,3
1423,2
1424,5
1425,6
1426,6
1427,9
1428,1
1429,6
1430,5
1431,9
1432,7
1433,4
1434,4
1435,4
1436,6
1437,7
1438,2
1439,9
1440,1
1441,3
1442,7
1443,5
1444,4
1445,7
1446,6
1447,1
1448,6
1449,0
1450,0
1451,7
1452,9
1453,1
1454,9
1455,9
1456,8
1457,1
1458,4
1459,9
1460,4
1461,8
1462,5
1463,4
1464,1
1465,1
1466,6
1467,5
1468,2
1469,3
1470,8
1471,1
1472,6
1473,7
1474,7
1475,5
1476,8
1477,7
1478,4
1479,1
1480,0
1481,7
1482,9
1483,3
1484,5
1485,0
1486,2
1487,6
1488,4
1489,9
1490,7
1491,7
1492,2
1493,7
1494,4
1495,7
1496,7
1497,5
1498,0
1499,6
1500,2
1501,3
1502,5
1503,2
1504,5
1505,2
1506,8
1507,0
1508,2
1509,8
1510,4
1511,6
1512,0
1513,9
1514,9
1515,1
1516,4
1517,2
1518,6
1519,3
1520,5
1521,2
1522,9
1523,0
1524,8
1525,9
1526,2
1527,9
1528,1
1529,4
1530,5
1531,2
1532,3
1533,3
1534,1
1535,5
1536,9
1537,6
1538,9
1539,4
1540,6
1541,4
1542,2
1543,5
1544,1
1545,1
1546,3
1547,2
1548,5
1549,9
1550,8
1551,1
1552,8
1553,3
1554,5
1555,0
1556,5
1557,6
1558,9
1559,9
1560,9
1561,5
1562,5
1563,2
1564,8
1565,8
1566,6
1567,4
1568,0
1569,5
1570,4
1571,3
1572,0
1573,6
1574,1
1575,3
1576,7
1577,5
1578,0
1579,2
1580,9
1581,4
1582,4
1583,2
1584,3
1585,7
1586,7
1587,4
1588,6
1589,4
1590,9
1591,5
1592,9
1593,7
1594,1
1595,3
1596,2
1597,0
1598,4
1599,3
1600,0
1601,4
1602,9
1603,8
1604,9
1605,6
1606,3
1607,0
1608,2
1609,6
1610,9
1611,7
1612,4
1613,5
1614,1
1615,5
1616,8
1617,8
1618,7
1619,6
1620,6
1621,5
1622,7
1623,1
1624,7
1625,8
1626,6
1627,8
1628,4
1629,8
1630,4
1631,6
1632,2
1633,3
1634,1
1635,5
1636,4
1637,1
1638,7
1639,0
1640,3
1641,2
1642,4
1643,8
1644,5
1645,6
1646,9
1647,2
1648,4
1649,3
1650,4
1651,5
1652,2
1653,3
1654,5
1655,9
1656,5
1657,9
1658,5
1659,9
1660,5
1661,2
1662,4
1663,4
1664,5
1665,7
1666,7
1667,4
1668,7
1669,2
1670,5
1671,5
1672,9
1673,1
1674,1
1675,0
1676,3
1677,5
1678,7
1679,4
1680,6
1681,1
1682,3
1683,6
1684,7
1685,5
1686,7
1687,1
1688,1
1689,7
1690,3
1691,2
1692,1
1693,7
1694,9
1695,7
1696,1
1697,5
1698,1
1699,9
1700,3
1701,9
1702,4
1703,6
1704,4
1705,2
1706,9
1707,2
1708,0
1709,5
1710,3
1711,9
1712,0
1713,7
1714,7
1715,1
1716,5
1717,3
1718,9
1719,8
1720,8
1721,9
1722,4
1723,6
1724,6
1725,6
1726,3
1727,7
1728,9
1729,6
1730,8
1731,3
1732,2
1733,0
1734,9
1735,8
1736,7
1737,9
1738,6
1739,6
1740,0
1741,6
1742,0
1743,5
1744,4
1745,2
1746,7
1747,2
1748,5
1749,0
1750,2
1751,5
1752,8
1753,9
1754,1
1755,9
1756,9
1757,1
1758,7
1759,7
1760,4
1761,4
1762,3
1763,3
1764,0
1765,5
1766,3
1767,4
1768,7
1769,2
1770,9
1771,1
1772,7
1773,7
1774,8
1775,3
1776,4
1777,7
1778,4
1779,1
1780,7
1781,4
1782,4
1783,2
1784,3
1785,2
1786,7
1787,8
1788,4
1789,4
1790,3
1791,2
1792,4
1793,3
1794,4
1795,8
1796,0
1797,7
1798,8
1799,0
1800,4
1801,2
1802,8
1803,2
1804,9
1805,6
1806,1
1807,6
1808,6
1809,0
1810,4
1811,2
1812,8
1813,5
1814,8
1815,5
1816,9
1817,8
1818,5
1819,7
1820,0
1821,8
1822,6
1823,5
1824,9
1825,9
1826,9
1827,3
1828,6
1829,1
1830,5
1831,8
1832,5
1833,3
1834,2
1835,2
1836,5
1837,0
1838,7
1839,6
1840,3
1841,9
1842,6
1843,9
1844,1
1845,5
1846,9
1847,7
1848,2
1849,6
1850,7
1851,7
1852,0
1853,6
1854,2
1855,9
1856,9
1857,9
1858,5
1859,9
1860,6
1861,4
1862,2
1863,6
1864,8
1865,8
1866,9
1867,5
1868,7
1869,6
1870,3
1871,5
1872,2
1873,6
1874,5
1875,2
1876,6
1877,2
1878,6
1879,8
1880,2
1881,3
1882,7
1883,5
1884,7
1885,0
1886,0
1887,7
1888,5
1889,2
1890,3
1891,2
1892,1
1893,4
1894,1
1895,6
1896,6
1897,9
1898,6
1899,0
1900,8
1901,5
1902,2
1903,0
1904,6
1905,1
1906,9
1907,0
1908,4
1909,3
1910,7
1911,5
1912,2
1913,9
1914,5
1915,1
1916,3
1917,8
1918,9
1919,5
1920,4
1921,2
1922,5
1923,1
1924,7
1925,8
1926,9
1927,6
1928,6
1929,6
1930,4
1931,3
1932,8
1933,5
1934,2
1935,0
1936,7
1937,0
1938,4
1939,0
1940,5
1941,7
1942,6
1943,1
1944,5
1945,9
1946,0
1947,6
1948,2
1949,9
1950,4
1951,5
1952,8
1953,5
1954,5
1955,2
1956,9
1957,9
1958,1
1959,6
1960,1
1961,5
1962,2
1963,2
1964,6
1965,8
1966,5
1967,5
1968,5
1969,6
1970,2
1971,3
1972,7
1973,0
1974,5
1975,0
1976,8
1977,5
1978,2
1979,7
1980,0
1981,2
1982,1
1983,3
1984,1
1985,8
1986,1
1987,4
1988,5
1989,9
1990,1
1991,1
1992,3
1993,6
1994,5
1995,0
1996,4
1997,8
1998,5
1999,3
2000,8
2001,2
2002,0
2003,2
2004,7
2005,1
2006,2
2007,8
2008,3
2009,0
2010,0
2011,6
2012,5
2013,1
2014,9
2015,8
2016,4
2017,8
2018,4
2019,5
2020,6
2021,2
2022,1
2023,7
2024,5
2025,7
2026,8
2027,3
2028,9
2029,1
2030,1
2031,6
2032,4
2033,1
2034,2
2035,3
2036,7
2037,7
2038,3
2039,8
2040,8
2041,7
2042,0
2043,3
2044,3
2045,7
2046,2
2047,6
2048,4
2049,0
2050,9
2051,7
2052,8
2053,6
2054,0
2055,7
2056,6
2057,1
2058,2
2059,3
2060,5
2061,4
2062,5
2063,5
2064,4
2065,0
2066,9
2067,6
2068,1
2069,0
2070,7
2071,1
2072,4
2073,5
2074,9
2075,4
2076,1
2077,5
2078,4
2079,7
2080,2
2081,7
2082,6
2083,6
2084,1
2085,8
2086,7
2087,6
2088,9
2089,6
2090,3
2091,6
2092,9
2093,2
2094,6
2095,9
2096,0
2097,6
2098,2
2099,1
2100,2
2101,5
2102,1
2103,6
2104,8
2105,4
2106,6
2107,8
2108,4
2109,0
2110,5
2111,8
2112,4
2113,2
2114,3
2115,6
2116,5
2117,7
2118,9
2119,5
2120,3
2121,2
2122,7
2123,9
2124,1
2125,7
2126,3
2127,5
2128,8
2129,9
2130,9
2131,8
2132,0
2133,0
2134,0
2135,7
2136,3
2137,4
2138,6
2139,6
2140,0
2141,1
2142,1
2143,2
2144,9
2145,4
2146,8
2147,0
2148,9
2149,0
2150,5
2151,8
2152,2
2153,1
2154,7
2155,5
2156,0
2157,4
2158,9
2159,1
2160,6
2161,4
2162,6
2163,4
2164,1
2165,8
2166,9
2167,8
2168,3
2169,6
2170,2
2171,4
2172,1
2173,7
2174,7
2175,9
2176,9
2177,9
2178,2
2179,9
2180,5
2181,0
2182,7
2183,2
2184,9
2185,1
2186,3
2187,1
2188,7
2189,5
2190,9
2191,5
2192,6
2193,0
2194,8
2195,5
2196,1
2197,4
2198,4
2199,3
2200,4
2201,4
2202,3
2203,4
2204,3
2205,0
2206,7
2207,0
2208,6
2209,7
2210,0
2211,6
2212,2
2213,9
2214,5
2215,5
2216,2
2217,9
2218,9
2219,3
2220,1
2221,1
2222,3
2223,6
2224,8
2225,0
2226,6
2227,3
2228,0
2229,8
2230,2
2231,3
2232,5
2233,5
2234,3
2235,8
2236,0
2237,3
2238,3
2239,5
2240,6
2241,7
2242,8
2243,0
2244,8
2245,5
2246,6
2247,3
2248,7
2249,7
2250,7
2251,5
2252,2
2253,3
2254,7
2255,7
2256,6
2257,0
2258,0
2259,6
2260,7
2261,0
2262,6
2263,5
2264,5
2265,8
2266,0
2267,1
2268,6
2269,4
2270,9
2271,7
2272,6
2273,6
2274,3
2275,4
2276,4
2277,6
2278,8
2279,3
2280,4
2281,0
2282,9
2283,7
2284,2
2285,7
2286,9
2287,7
2288,5
2289,0
2290,9
2291,0
2292,1
2293,1
2294,9
2295,8
2296,4
2297,1
2298,6
2299,2
2300,0
2301,8
2302,2
2303,8
2304,0
2305,6
2306,0
2307,9
2308,4
2309,5
2310,4
2311,9
2312,3
2313,6
2314,7
2315,3
2316,7
2317,6
2318,1
2319,1
2320,9
2321,1
2322,0
2323,5
2324,8
2325,5
2326,3
2327,1
2328,5
2329,1
2330,8
2331,3
2332,8
2333,6
2334,1
2335,6
2336,7
2337,7
2338,4
2339,2
2340,0
2341,9
2342,5
2343,6
2344,8
2345,8
2346,6
2347,0
2348,9
2349,6
2350,1
2351,0
2352,4
2353,2
2354,1
2355,7
2356,5
2357,5
2358,0
2359,1
2360,9
2361,1
2362,3
2363,2
2364,0
2365,0
2366,4
2367,4
2368,0
2369,6
2370,5
2371,9
2372,8
2373,2
2374,8
2375,3
2376,2
2377,2
2378,3
2379,6
2380,8
2381,5
2382,2
2383,8
2384,2
2385,8
2386,8
2387,4
2388,3
2389,8
2390,8
2391,9
2392,8
2393,6
2394,1
2395,2
2396,1
2397,0
2398,6
2399,7
2400,8
2401,9
2402,8
2403,5
2404,3
2405,4
2406,7
2407,5
2408,6
2409,8
2410,4
2411,3
2412,9
2413,2
2414,3
2415,3
2416,7
2417,2
2418,1
2419,8
2420,2
2421,0
2422,5
2423,3
2424,2
2425,0
2426,4
2427,1
2428,9
2429,9
2430,2
2431,4
2432,2
2433,7
2434,2
2435,8
2436,5
2437,9
2438,9
2439,4
2440,9
2441,8
2442,9
2443,6
2444,4
2445,0
2446,3
2447,3
2448,2
2449,9
2450,3
2451,6
2452,7
2453,1
2454,6
2455,5
2456,1
2457,7
2458,6
2459,5
2460,7
2461,5
2462,5
2463,7
2464,8
2465,7
2466,8
2467,1
2468,3
2469,3
2470,8
2471,5
2472,5
2473,3
2474,0
2475,4
2476,6
2477,5
2478,4
2479,2
2480,1
2481,0
2482,4
2483,8
2484,7
2485,3
2486,2
2487,2
2488,7
2489,1
2490,2
2491,6
2492,3
2493,3
2494,1
2495,4
2496,6
2497,3
2498,0
2499,2
2500,7
2501,0
2502,9
2503,8
2504,3
2505,6
2506,5
2507,3
2508,3
2509,0
2510,1
2511,2
2512,8
2513,1
2514,3
2515,1
2516,4
2517,7
2518,8
2519,1
2520,5
2521,7
2522,2
2523,6
2524,8
2525,3
2526,3
2527,6
2528,4
2529,3
2530,7
2531,7
2532,9
2533,1
2534,8
2535,1
2536,3
2537,8
2538,1
2539,6
2540,1
2541,6
2542,6
2543,6
2544,1
2545,0
2546,7
2547,6
2548,9
2549,7
2550,4
2551,8
2552,1
2553,1
2554,6
2555,0
2556,2
2557,1
2558,8
2559,6
2560,1
2561,7
2562,7
2563,4
2564,2
2565,9
2566,6
2567,7
2568,7
2569,9
2570,3
2571,8
2572,1
2573,2
2574,0
2575,7
2576,5
2577,8
2578,9
2579,4
2580,8
2581,4
2582,9
2583,2
2584,3
2585,5
2586,6
2587,6
2588,6
2589,1
2590,9
2591,1
2592,8
2593,2
2594,3
2595,7
2596,6
2597,5
2598,4
2599,2
2600,1
2601,0
2602,5
2603,8
2604,8
2605,7
2606,3
2607,5
2608,3
2609,7
2610,0
2611,9
2612,5
2613,5
2614,1
2615,8
2616,6
2617,9
2618,7
2619,1
2620,3
2621,1
2622,1
2623,9
2624,7
2625,5
2626,4
2627,3
2628,2
2629,0
2630,5
2631,2
2632,4
2633,4
2634,1
2635,6
2636,3
2637,5
2638,1
2639,1
2640,7
2641,8
2642,2
2643,9
2644,2
2645,1
2646,1
2647,8
2648,7
2649,4
2650,4
2651,2
2652,7
2653,2
2654,1
2655,3
2656,4
2657,6
2658,3
2659,5
2660,2
2661,6
2662,4
2663,7
2664,7
2665,1
2666,9
2667,4
2668,6
2669,0
2670,8
2671,6
2672,5
2673,9
2674,5
2675,2
2676,2
2677,9
2678,1
2679,8
2680,0
2681,0
2682,8
2683,7
2684,7
2685,5
2686,9
2687,0
2688,2
2689,5
2690,1
2691,3
2692,1
2693,0
2694,2
2695,3
2696,2
2697,5
2698,6
2699,5
2700,3
2701,1
2702,3
2703,2
2704,3
2705,4
2706,0
2707,3
2708,8
2709,2
2710,4
2711,6
2712,9
2713,2
2714,0
2715,3
2716,3
2717,7
2718,1
2719,3
2720,2
2721,8
2722,3
2723,1
2724,3
2725,4
2726,1
2727,2
2728,0
2729,4
2730,7
2731,4
2732,1
2733,1
2734,2
2735,1
2736,0
2737,4
2738,2
2739,9
2740,0
2741,6
2742,2
2743,3
2744,3
2745,3
2746,9
2747,6
2748,4
2749,8
2750,3
2751,3
2752,3
2753,0
2754,7
2755,9
2756,0
2757,9
2758,2
2759,1
2760,3
2761,5
2762,1
2763,9
2764,6
2765,3
2766,5
2767,5
2768,4
2769,4
2770,0
2771,9
2772,2
2773,8
2774,1
2775,9
2776,7
2777,5
2778,3
2779,0
2780,6
2781,3
2782,3
2783,9
2784,2
2785,2
2786,6
2787,3
2788,3
2789,2
2790,8
2791,7
2792,6
2793,3
2794,0
2795,5
2796,2
2797,3
2798,5
2799,0
2800,2
2801,3
2802,9
2803,8
2804,0
2805,8
2806,6
2807,8
2808,0
2809,9
2810,4
2811,6
2812,3
2813,9
2814,7
2815,6
2816,7
2817,0
2818,2
2819,1
2820,4
2821,5
2822,5
2823,1
2824,9
2825,1
2826,5
2827,5
2828,2
2829,0
2830,0
2831,1
2832,8
2833,6
2834,9
2835,5
2836,2
2837,3
2838,1
2839,5
2840,2
2841,2
2842,7
2843,7
2844,8
2845,4
2846,4
2847,2
2848,5
2849,7
2850,5
2851,5
2852,5
2853,9
2854,4
2855,8
2856,2
2857,5
2858,9
2859,0
2860,1
2861,1
2862,6
2863,7
2864,5
2865,3
2866,7
2867,8
2868,7
2869,9
2870,5
2871,1
2872,5
2873,9
2874,8
2875,5
2876,5
2877,3
2878,6
2879,2
2880,7
2881,4
2882,4
2883,4
2884,0
2885,6
2886,2
2887,8
2888,5
2889,9
2890,1
2891,3
2892,9
2893,5
2894,6
2895,9
2896,7
2897,2
2898,9
2899,6
2900,1
2901,9
2902,3
2903,5
2904,4
2905,7
2906,3
2907,5
2908,7
2909,6
2910,1
2911,4
2912,5
2913,4
2914,6
2915,3
2916,6
2917,7
2918,3
2919,0
2920,0
2921,2
2922,3
2923,7
2924,0
2925,4
2926,3
2927,8
2928,1
2929,0
2930,5
2931,0
2932,5
2933,5
2934,9
2935,2
2936,6
2937,2
2938,7
2939,0
2940,3
2941,2
2942,0
2943,1
2944,6
2945,7
2946,9
2947,8
2948,3
2949,9
2950,3
2951,1
2952,2
2953,1
2954,1
2955,8
2956,8
2957,6
2958,6
2959,1
2960,2
2961,5
2962,1
2963,9
2964,6
2965,1
2966,8
2967,8
2968,8
2969,9
2970,7
2971,7
2972,5
2973,0
2974,2
2975,9
2976,5
2977,2
2978,2
2979,7
2980,5
2981,4
2982,4
2983,9
2984,1
2985,6
2986,8
2987,7
2988,2
2989,9
2990,5
2991,7
2992,5
2993,8
2994,5
2995,8
2996,5
2997,2
2998,6
2999,5
3000,2
3001,4
3002,2
3003,2
3004,3
3005,0
3006,6
3007,4
3008,1
3009,8
3010,6
3011,0
3012,6
3013,7
3014,1
3015,8
3016,7
3017,6
3018,0
3019,5
3020,1
3021,5
3022,1
3023,7
3024,6
3025,9
3026,5
3027,0
3028,5
3029,1
3030,0
3031,9
3032,1
3033,8
3034,7
3035,7
3036,8
3037,5
3038,2
3039,3
3040,7
3041,4
3042,4
3043,5
3044,0
3045,7
3046,2
3047,5
3048,7
3049,5
3050,1
3051,7
3052,8
3053,1
3054,0
3055,2
3056,2
3057,5
3058,5
3059,1
3060,9
3061,5
3062,1
3063,8
3064,0
3065,0
3066,9
3067,3
3068,0
3069,0
3070,0
3071,9
3072,9
3073,5
3074,3
3075,2
3076,7
3077,4
3078,4
3079,1
3080,5
3081,9
3082,9
3083,5
3084,0
3085,7
3086,1
3087,0
3088,0
3089,5
3090,3
3091,8
3092,9
3093,5
3094,2
3095,8
3096,4
3097,1
3098,6
3099,4
3100,6
3101,2
3102,0
3103,2
3104,7
3105,0
3106,1
3107,7
3108,5
3109,1
3110,2
3111,7
3112,3
3113,7
3114,1
3115,6
3116,4
3117,4
3118,5
3119,0
3120,6
3121,3
3122,2
3123,9
3124,2
3125,8
3126,3
3127,4
3128,9
3129,9
3130,6
3131,2
3132,8
3133,8
3134,3
3135,8
3136,7
3137,7
3138,5
3139,7
3140,3
3141,0
3142,1
3143,4
3144,7
3145,2
3146,6
3147,9
3148,9
3149,6
3150,6
3151,2
3152,0
3153,4
3154,8
3155,1
3156,6
3157,1
3158,9
3159,3
3160,8
3161,3
3162,0
3163,1
3164,6
3165,6
3166,7
3167,0
3168,7
3169,9
3170,5
3171,9
3172,1
3173,7
3174,5
3175,4
3176,5
3177,8
3178,5
3179,3
3180,6
3181,2
3182,7
3183,5
3184,6
3185,8
3186,4
3187,4
3188,0
3189,8
3190,7
3191,0
3192,8
3193,1
3194,8
3195,8
3196,2
3197,6
3198,3
3199,7
3200,7
3201,0
3202,9
3203,3
3204,5
3205,1
3206,7
3207,2
3208,5
3209,4
3210,0
3211,3
3212,7
3213,8
3214,6
3215,4
3216,7
3217,3
3218,3
3219,8
3220,5
3221,8
3222,2
3223,9
3224,4
3225,3
3226,8
3227,5
3228,1
3229,9
3230,2
3231,1
3232,6
3233,9
3234,0
3235,8
3236,4
3237,0
3238,0
3239,2
3240,9
3241,2
3242,0
3243,0
3244,5
3245,3
3246,2
3247,8
3248,4
3249,7
3250,4
3251,6
3252,9
3253,0
3254,9
3255,2
3256,3
3257,7
3258,3
3259,7
3260,1
3261,3
3262,3
3263,4
3264,9
3265,0
3266,8
3267,0
3268,0
3269,9
3270,9
3271,3
3272,7
3273,6
3274,9
3275,0
3276,4
3277,2
3278,6
3279,6
3280,7
3281,3
3282,9
3283,6
3284,4
3285,6
3286,8
3287,5
3288,9
3289,5
3290,5
3291,5
3292,4
3293,1
3294,7
3295,3
3296,2
3297,9
3298,2
3299,2
3300,3
3301,4
3302,6
3303,9
3304,3
3305,9
3306,4
3307,0
3308,8
3309,7
3310,2
3311,8
3312,6
3313,8
3314,7
3315,0
3316,3
3317,2
3318,0
3319,6
3320,6
3321,6
3322,2
3323,6
3324,7
3325,6
3326,7
3327,8
3328,7
3329,8
3330,0
3331,4
3332,1
3333,7
3334,8
3335,9
3336,9
3337,7
3338,0
3339,4
3340,1
3341,4
3342,4
3343,9
3344,1
3345,5
3346,1
3347,7
3348,4
3349,3
3350,6
3351,8
3352,1
3353,8
3354,6
3355,5
3356,5
3357,3
3358,4
3359,2
3360,5
3361,0
3362,3
3363,1
3364,5
3365,7
3366,1
3367,9
3368,4
3369,8
3370,7
3371,3
3372,4
3373,5
3374,0
3375,9
3376,8
3377,6
3378,7
3379,3
3380,9
3381,7
3382,2
3383,2
3384,4
3385,4
3386,7
3387,2
3388,7
3389,0
3390,4
3391,3
3392,9
3393,6
3394,6
3395,9
3396,8
3397,7
3398,5
3399,3
3400,4
3401,8
3402,5
3403,5
3404,4
3405,9
3406,0
3407,6
3408,4
3409,5
3410,7
3411,7
3412,5
3413,5
3414,1
3415,8
3416,3
3417,0
3418,7
3419,3
3420,0
3421,3
3422,6
3423,5
3424,6
3425,9
3426,8
3427,1
3428,3
3429,0
3430,4
3431,8
3432,3
3433,2
3434,4
3435,8
3436,8
3437,2
3438,4
3439,6
3440,6
3441,2
3442,2
3443,0
3444,7
3445,6
3446,8
3447,2
3448,5
3449,7
3450,9
3451,8
3452,5
3453,8
3454,2
3455,9
3456,7
3457,9
3458,1
3459,0
3460,8
3461,9
3462,2
3463,3
3464,9
3465,3
3466,8
3467,3
3468,9
3469,2
3470,4
3471,0
3472,8
3473,3
3474,5
3475,7
3476,8
3477,1
3478,5
3479,8
3480,7
3481,4
3482,5
3483,6
3484,6
3485,3
3486,6
3487,1
3488,6
3489,1
3490,1
3491,6
3492,9
3493,8
3494,4
3495,9
3496,7
3497,4
3498,1
3499,0
3500,7
3501,2
3502,8
3503,1
3504,0
3505,1
3506,2
3507,0
3508,1
3509,2
3510,7
3511,2
3512,1
3513,4
3514,5
3515,6
3516,8
3517,0
3518,9
3519,4
3520,4
3521,5
3522,1
3523,2
3524,2
3525,0
3526,7
3527,7
3528,1
3529,4
3530,3
3531,4
3532,3
3533,8
3534,9
3535,1
3536,3
3537,7
3538,7
3539,6
3540,6
3541,6
3542,6
3543,0
3544,8
3545,4
3546,4
3547,3
3548,8
3549,1
3550,8
3551,7
3552,1
3553,3
3554,3
3555,7
3556,4
3557,3
3558,2
3559,8
3560,8
3561,4
3562,9
3563,4
3564,2
3565,8
3566,1
3567,3
3568,8
3569,5
3570,0
3571,4
3572,7
3573,5
3574,7
3575,4
3576,3
3577,7
3578,7
3579,1
3580,2
3581,0
3582,8
3583,3
3584,8
3585,2
3586,3
3587,2
3588,2
3589,0
3590,8
3591,1
3592,8
3593,1
3594,7
3595,4
3596,2
3597,1
3598,5
3599,5
3600,5
3601,9
3602,4
3603,5
3604,2
3605,1
3606,3
3607,4
3608,7
3609,4
3610,6
3611,0
3612,7
3613,8
3614,7
3615,7
3616,9
3617,6
3618,2
3619,7
3620,0
3621,4
3622,9
3623,1
3624,2
3625,6
3626,2
3627,2
3628,1
3629,4
3630,8
3631,8
3632,8
3633,4
3634,7
3635,4
3636,8
3637,1
3638,4
3639,0
3640,1
3641,8
3642,1
3643,6
3644,5
3645,8
3646,0
3647,8
3648,9
3649,5
3650,8
3651,1
3652,7
3653,4
3654,9
3655,6
3656,4
3657,7
3658,7
3659,8
3660,9
3661,9
3662,1
3663,0
3664,0
3665,9
3666,2
3667,5
3668,6
3669,0
3670,5
3671,1
3672,3
3673,5
3674,1
3675,2
3676,9
3677,7
3678,1
3679,1
3680,9
3681,9
3682,8
3683,3
3684,0
3685,5
3686,7
3687,0
3688,9
3689,4
3690,7
3691,6
3692,2
3693,7
3694,4
3695,1
3696,4
3697,2
3698,7
3699,1
3700,3
3701,2
3702,8
3703,0
3704,3
3705,9
3706,6
3707,2
3708,3
3709,0
3710,9
3711,3
3712,4
3713,4
3714,5
3715,2
3716,6
3717,3
3718,6
3719,3
3720,1
3721,5
3722,6
3723,8
3724,2
3725,3
3726,9
3727,7
3728,0
3729,4
3730,5
3731,2
3732,3
3733,1
3734,0
3735,4
3736,2
3737,4
3738,1
3739,2
3740,0
3741,1
3742,3
3743,5
3744,5
3745,2
3746,2
3747,8
3748,6
3749,2
3750,9
3751,4
3752,6
3753,3
3754,2
3755,6
3756,3
3757,5
3758,3
3759,2
3760,7
3761,4
3762,2
3763,5
3764,0
3765,3
3766,1
3767,2
3768,2
3769,7
3770,7
3771,3
3772,1
3773,9
3774,2
3775,6
3776,6
3777,8
3778,0
3779,5
3780,5
3781,1
3782,8
3783,7
3784,5
3785,8
3786,5
3787,4
3788,0
3789,7
3790,5
3791,8
3792,0
3793,9
3794,1
3795,9
3796,5
3797,6
3798,1
3799,3
3800,6
3801,8
3802,6
3803,4
3804,9
3805,3
3806,4
3807,8
3808,9
3809,7
3810,9
3811,7
3812,5
3813,1
3814,9
3815,4
3816,8
3817,9
3818,1
3819,3
3820,0
3821,2
3822,2
3823,6
3824,9
3825,5
3826,0
3827,5
3828,6
3829,5
3830,3
3831,1
3832,6
3833,5
3834,4
3835,1
3836,3
3837,2
3838,6
3839,2
3840,7
3841,0
3842,3
3843,2
3844,0
3845,1
3846,5
3847,5
3848,9
3849,7
3850,7
3851,6
3852,0
3853,5
3854,3
3855,4
3856,8
3857,0
3858,0
3859,5
3860,1
3861,3
3862,0
3863,9
3864,7
3865,5
3866,3
3867,2
3868,2
3869,3
3870,4
3871,9
3872,4
3873,6
3874,3
3875,0
3876,5
3877,6
3878,9
3879,8
3880,0
3881,7
3882,3
3883,3
3884,6
3885,9
3886,6
3887,2
3888,7
3889,0
3890,8
3891,3
3892,0
3893,4
3894,4
3895,5
3896,7
3897,2
3898,2
3899,6
3900,4
3901,2
3902,3
3903,5
3904,2
3905,6
3906,8
3907,4
3908,4
3909,8
3910,9
3911,1
3912,0
3913,1
3914,0
3915,8
3916,5
3917,4
3918,0
3919,8
3920,6
3921,9
3922,5
3923,1
3924,4
3925,6
3926,4
3927,5
3928,0
3929,1
3930,6
3931,4
3932,3
3933,9
3934,2
3935,4
3936,4
3937,6
3938,3
3939,4
3940,8
3941,4
3942,9
3943,3
3944,9
3945,4
3946,4
3947,7
3948,4
3949,1
3950,9
3951,8
3952,6
3953,1
3954,5
3955,6
3956,3
3957,9
3958,8
3959,0
3960,7
3961,2
3962,6
3963,6
3964,2
3965,6
3966,9
3967,7
3968,0
3969,5
3970,1
3971,6
3972,4
3973,0
3974,2
3975,5
3976,8
3977,0
3978,4
3979,6
3980,6
3981,7
3982,5
3983,1
3984,3
3985,8
3986,5
3987,7
3988,5
3989,6
3990,8
3991,7
3992,8
3993,7
3994,3
3995,1
3996,6
3997,4
3998,3
3999,2
4000,4
4001,4
4002,6
4003,2
4004,8
4005,5
4006,2
4007,6
4008,6
4009,3
4010,0
4011,2
4012,8
4013,9
4014,5
4015,8
4016,2
4017,7
4018,9
4019,3
4020,1
4021,9
4022,1
4023,4
4024,5
4025,9
4026,8
4027,1
4028,9
4029,9
4030,4
4031,1
4032,6
4033,5
4034,3
4035,5
4036,1
4037,9
4038,5
4039,0
4040,5
4041,7
4042,5
4043,7
4044,7
4045,1
4046,4
4047,2
4048,9
4049,3
4050,0
4051,5
4052,9
4053,8
4054,7
4055,9
4056,5
4057,4
4058,8
4059,4
4060,2
4061,9
4062,6
4063,9
4064,8
4065,7
4066,4
4067,9
4068,0
4069,7
4070,8
4071,0
4072,4
4073,1
4074,3
4075,0
4076,2
4077,8
4078,5
4079,1
4080,3
4081,7
4082,1
4083,7
4084,7
4085,1
4086,3
4087,0
4088,6
4089,9
4090,9
4091,7
4092,7
4093,2
4094,3
4095,0
4096,5
4097,1
4098,3
4099,4
4100,1
4101,4
4102,0
4103,1
4104,5
4105,0
4106,3
4107,0
4108,2
4109,6
4110,2
4111,6
4112,3
4113,7
4114,9
4115,5
4116,6
4117,2
4118,2
4119,0
4120,2
4121,9
4122,7
4123,7
4124,0
4125,0
4126,8
4127,9
4128,2
4129,4
4130,9
4131,9
4132,8
4133,7
4134,7
4135,4
4136,0
4137,8
4138,6
4139,0
4140,6
4141,7
4142,6
4143,9
4144,3
4145,2
4146,7
4147,1
4148,6
4149,5
4150,8
4151,1
4152,9
4153,0
4154,5
4155,5
4156,1
4157,4
4158,7
4159,3
4160,9
4161,6
4162,8
4163,3
4164,1
4165,0
4166,4
4167,6
4168,4
4169,4
4170,6
4171,9
4172,4
4173,0
4174,2
4175,3
4176,7
4177,9
4178,5
4179,8
4180,4
4181,2
4182,6
4183,9
4184,8
4185,8
4186,5
4187,5
4188,6
4189,3
4190,0
4191,5
4192,6
4193,3
4194,8
4195,0
4196,5
4197,8
4198,7
4199,0
4200,0
4201,6
4202,4
4203,4
4204,1
4205,0
4206,3
4207,3
4208,5
4209,3
4210,8
4211,2
4212,5
4213,8
4214,1
4215,4
4216,1
4217,5
4218,1
4219,6
4220,5
4221,3
4222,7
4223,5
4224,8
4225,9
4226,7
4227,5
4228,1
4229,4
4230,5
4231,5
4232,4
4233,5
4234,6
4235,6
4236,3
4237,6
4238,7
4239,5
4240,1
4241,0
4242,7
4243,6
4244,2
4245,4
4246,6
4247,5
4248,4
4249,7
4250,8
4251,4
4252,0
4253,4
4254,8
4255,1
4256,7
4257,0
4258,3
4259,7
4260,4
4261,8
4262,5
4263,7
4264,4
4265,7
4266,6
4267,0
4268,2
4269,2
4270,8
4271,1
4272,4
4273,4
4274,6
4275,5
4276,2
4277,7
4278,7
4279,0
4280,4
4281,7
4282,6
4283,7
4284,6
4285,3
4286,8
4287,3
4288,9
4289,3
4290,2
4291,7
4292,0
4293,1
4294,3
4295,6
4296,5
4297,9
4298,2
4299,4
4300,3
4301,3
4302,5
4303,6
4304,9
4305,4
4306,9
4307,4
4308,4
4309,6
4310,7
4311,0
4312,0
4313,7
4314,7
4315,7
4316,9
4317,2
4318,1
4319,7
4320,1
4321,3
4322,6
4323,8
4324,1
4325,0
4326,5
4327,0
4328,4
4329,0
4330,0
4331,0
4332,5
4333,9
4334,6
4335,0
4336,4
4337,9
4338,4
4339,1
4340,2
4341,1
4342,4
4343,2
4344,1
4345,8
4346,3
4347,2
4348,4
4349,4
4350,9
4351,9
4352,4
4353,5
4354,6
4355,6
4356,3
4357,6
4358,0
4359,2
4360,9
4361,3
4362,0
4363,7
4364,2
4365,1
4366,2
4367,2
4368,0
4369,4
4370,8
4371,7
4372,0
4373,7
4374,3
4375,0
4376,7
4377,6
4378,4
4379,1
4380,3
4381,6
4382,6
4383,9
4384,4
4385,7
4386,4
4387,9
4388,1
4389,2
4390,8
4391,0
4392,2
4393,9
4394,8
4395,7
4396,8
4397,9
4398,2
4399,5
4400,5
4401,3
4402,7
4403,6
4404,2
4405,2
4406,8
4407,6
4408,2
4409,4
4410,4
4411,8
4412,5
4413,2
4414,7
4415,6
4416,3
4417,3
4418,1
4419,0
4420,3
4421,0
4422,4
4423,7
4424,0
4425,9
4426,9
4427,6
4428,8
4429,6
4430,8
4431,9
4432,7
4433,7
4434,2
4435,3
4436,2
4437,9
4438,3
4439,0
4440,9
4441,9
4442,2
4443,6
4444,5
4445,2
4446,8
4447,6
4448,5
4449,3
4450,8
4451,6
4452,6
4453,6
4454,0
4455,4
4456,7
4457,6
4458,1
4459,0
4460,3
4461,3
4462,8
4463,7
4464,3
4465,8
4466,0
4467,3
4468,0
4469,8
4470,2
4471,0
4472,2
4473,0
4474,8
4475,4
4476,3
4477,9
4478,0
4479,0
4480,2
4481,8
4482,4
4483,9
4484,0
4485,5
4486,3
4487,2
4488,5
4489,4
4490,4
4491,4
4492,5
4493,1
4494,1
4495,7
4496,1
4497,1
4498,1
4499,3
4500,9
4501,0
4502,2
4503,6
4504,7
4505,5
4506,9
4507,9
4508,2
4509,7
4510,7
4511,5
4512,1
4513,2
4514,1
4515,0
4516,3
4517,2
4518,9
4519,1
4520,0
4521,6
4522,5
4523,3
4524,4
4525,8
4526,6
4527,4
4528,8
4529,5
4530,8
4531,9
4532,9
4533,6
4534,7
4535,6
4536,3
4537,0
4538,5
4539,8
4540,2
4541,7
4542,5
4543,9
4544,4
4545,2
4546,5
4547,6
4548,7
4549,2
4550,4
4551,7
4552,7
4553,7
4554,5
4555,4
4556,1
4557,2
4558,7
4559,3
4560,4
4561,8
4562,0
4563,8
4564,5
4565,3
4566,8
4567,2
4568,8
4569,2
4570,8
4571,2
4572,1
4573,7
4574,2
4575,6
4576,0
4577,1
4578,2
4579,7
4580,6
4581,5
4582,2
4583,7
4584,0
4585,1
4586,2
4587,0
4588,9
4589,5
4590,8
4591,3
4592,2
4593,2
4594,6
4595,2
4596,7
4597,0
4598,8
4599,5
4600,9
4601,4
4602,3
4603,3
4604,5
4605,2
4606,1
4607,6
4608,0
4609,2
4610,7
4611,5
4612,9
4613,8
4614,6
4615,7
4616,0
4617,8
4618,5
4619,5
4620,7
4621,2
4622,6
4623,9
4624,3
4625,1
4626,7
4627,9
4628,4
4629,2
4630,4
4631,4
4632,8
4633,9
4634,6
4635,2
4636,3
4637,9
4638,4
4639,9
4640,3
4641,3
4642,4
4643,9
4644,2
4645,2
4646,4
4647,1
4648,7
4649,4
4650,7
4651,5
4652,6
4653,5
4654,1
4655,1
4656,7
4657,8
4658,0
4659,9
4660,0
4661,1
4662,2
4663,6
4664,1
4665,3
4666,7
4667,9
4668,2
4669,3
4670,7
4671,3
4672,5
4673,4
4674,4
4675,1
4676,5
4677,1
4678,4
4679,3
4680,4
4681,5
4682,4
4683,2
4684,2
4685,3
4686,4
4687,4
4688,6
4689,9
4690,7
4691,3
4692,1
4693,7
4694,7
4695,6
4696,2
4697,5
4698,4
4699,4
4700,0
4701,9
4702,4
4703,3
4704,9
4705,6
4706,5
4707,3
4708,6
4709,3
4710,1
4711,4
4712,6
4713,5
4714,3
4715,2
4716,2
4717,1
4718,3
4719,0
4720,3
4721,9
4722,1
4723,5
4724,6
4725,6
4726,1
4727,5
4728,3
4729,0
4730,4
4731,2
4732,3
4733,9
4734,6
4735,8
4736,6
4737,7
4738,2
4739,5
4740,7
4741,2
4742,2
4743,5
4744,0
4745,1
4746,2
4747,5
4748,8
4749,7
4750,6
4751,7
4752,4
4753,1
4754,7
4755,0
4756,2
4757,8
4758,5
4759,9
4760,6
4761,9
4762,9
4763,8
4764,0
4765,7
4766,3
4767,8
4768,9
4769,7
4770,3
4771,7
4772,9
4773,3
4774,5
4775,4
4776,2
4777,9
4778,9
4779,3
4780,0
4781,4
4782,4
4783,4
4784,1
4785,6
4786,1
4787,0
4788,0
4789,9
4790,7
4791,9
4792,0
4793,5
4794,4
4795,3
4796,8
4797,5
4798,3
4799,5
4800,8
4801,4
4802,5
4803,7
4804,6
4805,8
4806,0
4807,5
4808,9
4809,8
4810,1
4811,7
4812,3
4813,8
4814,7
4815,8
4816,0
4817,9
4818,9
4819,5
4820,4
4821,5
4822,5
4823,0
4824,9
4825,4
4826,8
4827,5
4828,0
4829,0
4830,2
4831,9
4832,9
4833,2
4834,7
4835,9
4836,0
4837,1
4838,8
4839,2
4840,4
4841,8
4842,7
4843,2
4844,5
4845,2
4846,3
4847,8
4848,7
4849,1
4850,4
4851,9
4852,5
4853,5
4854,9
4855,8
4856,2
4857,4
4858,0
4859,3
4860,4
4861,2
4862,3
4863,8
4864,0
4865,0
4866,2
4867,0
4868,1
4869,4
4870,6
4871,7
4872,1
4873,9
4874,6
4875,0
4876,8
4877,7
4878,3
4879,1
4880,8
4881,8
4882,3
4883,1
4884,5
4885,2
4886,9
4887,6
4888,1
4889,2
4890,3
4891,4
4892,2
4893,9
4894,3
4895,0
4896,2
4897,5
4898,1
4899,7
4900,0
4901,0
4902,5
4903,4
4904,2
4905,7
4906,6
4907,6
4908,3
4909,8
4910,4
4911,1
4912,1
4913,4
4914,7
4915,4
4916,8
4917,5
4918,2
4919,3
4920,9
4921,2
4922,4
4923,8
4924,3
4925,4
4926,8
4927,9
4928,5
4929,9
4930,6
4931,1
4932,7
4933,2
4934,1
4935,2
4936,6
4937,1
4938,6
4939,4
4940,4
4941,6
4942,7
4943,7
4944,0
4945,9
4946,1
4947,4
4948,8
4949,3
4950,8
4951,2
4952,4
4953,8
4954,8
4955,9
4956,5
4957,7
4958,6
4959,3
4960,4
4961,5
4962,7
4963,9
4964,2
4965,0
4966,5
4967,4
4968,9
4969,7
4970,8
4971,9
4972,1
4973,0
4974,1
4975,9
4976,1
4977,7
4978,2
4979,2
4980,0
4981,8
4982,1
4983,2
4984,3
4985,3
4986,9
4987,0
4988,2
4989,3
4990,1
4991,8
4992,8
4993,7
4994,2
4995,8
4996,2
4997,1
4998,0
4999,5
5000,4
5001,9
5002,7
5003,5
5004,8
5005,1
5006,7
5007,0
5008,9
5009,0
5010,6
5011,5
5012,3
5013,2
5014,9
5015,9
5016,0
5017,5
5018,0
5019,7
5020,1
5021,7
5022,0
5023,5
5024,7
5025,9
5026,4
5027,7
5028,2
5029,9
5030,7
5031,7
5032,1
5033,6
5034,3
5035,2
5036,1
5037,5
5038,5
5039,0
5040,3
5041,9
5042,2
5043,2
5044,2
5045,3
5046,3
5047,0
5048,1
5049,2
5050,4
5051,1
5052,4
5053,3
5054,7
5055,7
5056,9
5057,2
5058,7
5059,2
5060,2
5061,8
5062,3
5063,9
5064,5
5065,6
5066,3
5067,7
5068,5
5069,2
5070,5
5071,8
5072,3
5073,2
5074,3
5075,8
5076,2
5077,2
5078,0
5079,8
5080,4
5081,0
5082,9
5083,0
5084,1
5085,6
5086,4
5087,2
5088,2
5089,6
5090,2
5091,0
5092,7
5093,2
5094,4
5095,7
5096,9
5097,1
5098,0
5099,2
5100,6
5101,6
5102,6
5103,3
5104,0
5105,8
5106,4
5107,6
5108,2
5109,2
5110,3
5111,1
5112,0
5113,9
5114,2
5115,5
5116,1
5117,0
5118,2
5119,8
5120,8
5121,2
5122,2
5123,8
5124,2
5125,4
5126,0
5127,1
5128,4
5129,4
5130,5
5131,8
5132,2
5133,8
5134,0
5135,5
5136,0
5137,1
5138,5
5139,8
5140,6
5141,7
5142,9
5143,2
5144,9
5145,3
5146,4
5147,3
5148,0
5149,0
5150,4
5151,8
5152,9
5153,1
5154,6
5155,9
5156,0
5157,7
5158,8
5159,8
5160,9
5161,9
5162,1
5163,1
5164,1
5165,5
5166,9
5167,8
5168,3
5169,5
5170,9
5171,3
5172,5
5173,5
5174,1
5175,3
5176,9
5177,9
5178,8
5179,4
5180,2
5181,2
5182,7
5183,5
5184,9
5185,0
5186,1
5187,1
5188,2
5189,7
5190,5
5191,7
5192,3
5193,7
5194,8
5195,5
5196,3
5197,9
5198,1
5199,6
5200,1
5201,2
5202,1
5203,1
5204,3
5205,7
5206,6
5207,4
5208,8
5209,1
5210,0
5211,4
5212,9
5213,8
5214,4
5215,7
5216,2
5217,1
5218,7
5219,1
5220,8
5221,8
5222,9
5223,6
5224,8
5225,1
5226,1
5227,2
5228,2
5229,5
5230,2
5231,9
5232,8
5233,3
5234,6
5235,5
5236,4
5237,1
5238,1
5239,9
5240,3
5241,9
5242,0
5243,2
5244,9
5245,0
5246,8
5247,4
5248,8
5249,0
5250,1
5251,3
5252,1
5253,6
5254,6
5255,0
5256,5
5257,4
5258,5
5259,0
5260,3
5261,6
5262,3
5263,3
5264,1
5265,3
5266,7
5267,3
5268,4
5269,2
5270,2
5271,4
5272,0
5273,4
5274,0
5275,6
5276,2
5277,8
5278,7
5279,5
5280,4
5281,4
5282,6
5283,8
5284,5
5285,3
5286,9
5287,0
5288,4
5289,5
5290,0
5291,0
5292,1
5293,1
5294,5
5295,4
5296,4
5297,9
5298,0
5299,8
5300,8
5301,2
5302,5
5303,0
5304,4
5305,1
5306,2
5307,4
5308,3
5309,4
5310,5
5311,3
5312,5
5313,8
5314,9
5315,7
5316,9
5317,2
5318,1
5319,8
5320,0
5321,0
5322,7
5323,0
5324,5
5325,8
5326,8
5327,6
5328,2
5329,3
5330,3
5331,1
5332,5
5333,6
5334,7
5335,4
5336,0
5337,5
5338,9
5339,7
5340,8
5341,9
5342,4
5343,6
5344,3
5345,0
5346,8
5347,1
5348,4
5349,1
5350,8
5351,5
5352,1
5353,2
5354,8
5355,7
5356,4
5357,3
5358,4
5359,6
5360,2
5361,0
5362,2
5363,7
5364,0
5365,0
5366,2
5367,2
5368,5
5369,6
5370,7
5371,2
5372,2
5373,2
5374,8
5375,3
5376,3
5377,7
5378,1
5379,0
5380,7
5381,3
5382,7
5383,4
5384,3
5385,8
5386,8
5387,0
5388,9
5389,6
5390,9
5391,7
5392,3
5393,9
5394,2
5395,0
5396,0
5397,1
5398,1
5399,6
5400,0
5401,3
5402,1
5403,2
5404,9
5405,5
5406,9
5407,5
5408,1
5409,0
5410,8
5411,3
5412,2
5413,1
5414,2
5415,8
5416,7
5417,4
5418,5
5419,0
5420,3
5421,9
5422,5
5423,4
5424,0
5425,9
5426,5
5427,4
5428,7
5429,5
5430,0
5431,8
5432,8
5433,6
5434,3
5435,9
5436,1
5437,0
5438,0
5439,3
5440,3
5441,4
5442,2
5443,7
5444,5
5445,6
5446,1
5447,9
5448,7
5449,6
5450,2
5451,3
5452,6
5453,8
5454,1
5455,0
5456,0
5457,1
5458,2
5459,3
5460,2
5461,2
5462,4
5463,5
5464,3
5465,3
5466,4
5467,1
5468,0
5469,3
5470,3
5471,9
5472,3
5473,3
5474,9
5475,2
5476,2
5477,4
5478,9
5479,9
5480,9
5481,8
5482,9
5483,6
5484,7
5485,7
5486,8
5487,1
5488,9
5489,4
5490,1
5491,4
5492,2
5493,0
5494,7
5495,3
5496,8
5497,5
5498,5
5499,5
5500,5
5501,8
5502,8
5503,4
5504,0
5505,4
5506,2
5507,6
5508,8
5509,8
5510,5
5511,0
5512,9
5513,0
5514,5
5515,1
5516,7
5517,5
5518,3
5519,9
5520,8
5521,0
5522,9
5523,8
5524,5
5525,7
5526,8
5527,9
5528,7
5529,2
5530,7
5531,9
5532,7
5533,4
5534,4
5535,4
5536,8
5537,2
5538,6
5539,0
5540,3
5541,7
5542,4
5543,9
5544,3
5545,7
5546,6
5547,4
5548,2
5549,5
5550,0
5551,6
5552,0
5553,5
5554,7
5555,7
5556,0
5557,8
5558,3
5559,6
5560,6
5561,1
5562,5
5563,1
5564,6
5565,8
5566,5
5567,2
5568,2
5569,4
5570,2
5571,7
5572,1
5573,4
5574,6
5575,6
5576,8
5577,2
5578,0
5579,7
5580,0
5581,3
5582,5
5583,5
5584,3
5585,0
5586,3
5587,6
5588,0
5589,8
5590,3
5591,3
5592,8
5593,3
5594,6
5595,7
5596,9
5597,8
5598,8
5599,1
5600,2
5601,2
5602,9
5603,3
5604,2
5605,6
5606,1
5607,5
5608,0
5609,7
5610,6
5611,6
5612,3
5613,9
5614,1
5615,3
5616,5
5617,7
5618,3
5619,3
5620,2
5621,0
5622,0
5623,1
5624,8
5625,0
5626,0
5627,4
5628,2
5629,3
5630,1
5631,5
5632,5
5633,8
5634,4
5635,3
5636,3
5637,3
5638,5
5639,3
5640,6
5641,0
5642,5
5643,2
5644,5
5645,3
5646,7
5647,4
5648,3
5649,3
5650,7
5651,7
5652,1
5653,3
5654,9
5655,8
5656,5
5657,3
5658,0
5659,6
5660,5
5661,3
5662,1
5663,3
5664,7
5665,3
5666,2
5667,6
5668,7
5669,6
5670,7
5671,1
5672,5
5673,0
5674,6
5675,7
5676,2
5677,3
5678,4
5679,3
5680,4
5681,1
5682,2
5683,7
5684,3
5685,3
5686,9
5687,3
5688,9
5689,6
5690,0
5691,7
5692,8
5693,7
5694,4
5695,1
5696,2
5697,3
5698,4
5699,2
5700,0
5701,5
5702,9
5703,3
5704,6
5705,1
5706,3
5707,6
5708,1
5709,9
5710,8
5711,4
5712,6
5713,7
5714,8
5715,3
5716,9
5717,3
5718,4
5719,3
5720,4
5721,7
5722,6
5723,5
5724,7
5725,4
5726,9
5727,1
5728,3
5729,7
5730,4
5731,3
5732,8
5733,9
5734,0
5735,2
5736,8
5737,6
5738,2
5739,4
5740,3
5741,2
5742,8
5743,7
5744,6
5745,1
5746,2
5747,6
5748,8
5749,5
5750,1
5751,7
5752,5
5753,8
5754,7
5755,7
5756,5
5757,1
5758,2
5759,5
5760,2
5761,2
5762,7
5763,9
5764,3
5765,6
5766,9
5767,3
5768,0
5769,4
5770,0
5771,0
5772,6
5773,1
5774,0
5775,3
5776,7
5777,8
5778,1
5779,9
5780,3
5781,4
5782,0
5783,6
5784,6
5785,1
5786,2
5787,9
5788,2
5789,8
5790,5
5791,7
5792,5
5793,6
5794,7
5795,9
5796,3
5797,4
5798,8
5799,0
5800,7
5801,3
5802,1
5803,7
5804,3
5805,5
5806,2
5807,3
5808,3
5809,7
5810,5
5811,8
5812,9
5813,1
5814,2
5815,0
5816,0
5817,0
5818,4
5819,2
5820,8
5821,3
5822,4
5823,6
5824,1
5825,0
5826,5
5827,8
5828,3
5829,8
5830,6
5831,4
5832,2
5833,3
5834,9
5835,2
5836,6
5837,9
5838,3
5839,7
5840,8
5841,8
5842,6
5843,1
5844,6
5845,8
5846,4
5847,9
5848,4
5849,3
5850,7
5851,4
5852,7
5853,4
5854,8
5855,6
5856,3
5857,9
5858,3
5859,5
5860,4
5861,7
5862,8
5863,1
5864,0
5865,8
5866,5
5867,1
5868,9
5869,2
5870,2
5871,6
5872,6
5873,3
5874,0
5875,8
5876,7
5877,0
5878,3
5879,8
5880,8
5881,1
5882,8
5883,1
5884,2
5885,0
5886,8
5887,6
5888,2
5889,1
5890,9
5891,8
5892,9
5893,4
5894,0
5895,9
5896,0
5897,7
5898,4
5899,9
5900,0
5901,9
5902,0
5903,1
5904,2
5905,1
5906,0
5907,7
5908,3
5909,9
5910,2
5911,8
5912,1
5913,7
5914,8
5915,4
5916,6
5917,2
5918,3
5919,1
5920,6
5921,9
5922,0
5923,1
5924,1
5925,7
5926,9
5927,4
5928,7
5929,2
5930,8
5931,3
5932,2
5933,6
5934,2
5935,3
5936,1
5937,3
5938,1
5939,7
5940,7
5941,4
5942,6
5943,9
5944,5
5945,4
5946,3
5947,1
5948,5
5949,5
5950,1
5951,9
5952,3
5953,9
5954,0
5955,8
5956,0
5957,7
5958,5
5959,0
5960,2
5961,7
5962,7
5963,4
5964,7
5965,3
5966,9
5967,0
5968,2
5969,7
5970,5
5971,2
5972,2
5973,0
5974,4
5975,0
5976,1
5977,4
5978,3
5979,1
5980,2
5981,7
5982,3
5983,1
5984,9
5985,3
5986,9
5987,5
5988,6
5989,6
5990,7
5991,4
5992,1
5993,7
5994,9
5995,9
5996,8
5997,2
5998,9
5999,7
6000,4
6001,8
6002,8
6003,2
6004,6
6005,2
6006,3
6007,8
6008,1
6009,2
6010,4
6011,7
6012,3
6013,7
6014,3
6015,6
6016,4
6017,2
6018,6
6019,7
6020,6
6021,8
6022,1
6023,7
6024,4
6025,4
6026,6
6027,2
6028,2
6029,5
6030,9
6031,6
6032,7
6033,2
6034,0
6035,9
6036,5
6037,8
6038,1
6039,6
6040,5
6041,3
6042,8
6043,1
6044,1
6045,6
6046,1
6047,8
6048,3
6049,6
6050,8
6051,8
6052,7
6053,7
6054,6
6055,4
6056,5
6057,9
6058,1
6059,9
6060,4
6061,2
6062,7
6063,7
6064,9
6065,1
6066,1
6067,9
6068,2
6069,0
6070,1
6071,1
6072,7
6073,4
6074,8
6075,8
6076,8
6077,6
6078,7
6079,9
6080,1
6081,9
6082,8
6083,6
6084,6
6085,5
6086,8
6087,2
6088,2
6089,2
6090,3
6091,1
6092,5
6093,9
6094,8
6095,4
6096,2
6097,4
6098,0
6099,6
6100,1
6101,9
6102,1
6103,5
6104,8
6105,4
6106,6
6107,9
6108,7
6109,9
6110,0
6111,0
6112,5
6113,8
6114,2
6115,6
6116,5
6117,6
6118,9
6119,7
6120,7
6121,7
6122,0
6123,3
6124,9
6125,2
6126,0
6127,6
6128,9
6129,8
6130,0
6131,7
6132,0
6133,2
6134,2
6135,1
6136,8
6137,7
6138,2
6139,4
6140,3
6141,0
6142,5
6143,7
6144,0
6145,2
6146,9
6147,7
6148,2
6149,5
6150,5
6151,4
6152,3
6153,5
6154,9
6155,9
6156,2
6157,0
6158,8
6159,6
6160,4
6161,0
6162,9
6163,4
6164,6
6165,8
6166,1
6167,7
6168,0
6169,2
6170,8
6171,2
6172,1
6173,0
6174,0
6175,0
6176,3
6177,8
6178,1
6179,8
6180,3
6181,6
6182,8
6183,1
6184,4
6185,4
6186,2
6187,6
6188,4
6189,5
6190,8
6191,1
6192,4
6193,6
6194,8
6195,9
6196,7
6197,9
6198,6
6199,8
6200,9
6201,2
6202,7
6203,7
6204,2
6205,9
6206,9
6207,8
6208,4
6209,9
6210,0
6211,2
6212,9
6213,1
6214,3
6215,2
6216,4
6217,2
6218,6
6219,5
6220,7
6221,3
6222,7
6223,5
6224,6
6225,0
6226,2
6227,4
6228,9
6229,8
6230,4
6231,3
6232,4
6233,0
6234,0
6235,4
6236,9
6237,0
6238,6
6239,2
6240,5
6241,0
6242,2
6243,2
6244,1
6245,3
6246,0
6247,7
6248,3
6249,9
6250,6
6251,3
6252,1
6253,4
6254,7
6255,4
6256,8
6257,4
6258,6
6259,9
6260,6
6261,2
6262,2
6263,7
6264,3
6265,2
6266,5
6267,6
6268,0
6269,9
6270,0
6271,4
6272,8
6273,8
6274,1
6275,0
6276,8
6277,6
6278,7
6279,5
6280,8
6281,1
6282,7
6283,1
6284,5
6285,5
6286,8
6287,0
6288,2
6289,7
6290,6
6291,0
6292,7
6293,9
6294,3
6295,9
6296,2
6297,5
6298,5
6299,9
6300,0
6301,8
6302,2
6303,8
6304,6
6305,7
6306,1
6307,4
6308,4
6309,9
6310,7
6311,0
6312,8
6313,6
6314,5
6315,4
6316,9
6317,2
6318,7
6319,7
6320,4
6321,2
6322,6
6323,7
6324,0
6325,4
6326,5
6327,6
6328,5
6329,3
6330,6
6331,7
6332,4
6333,8
6334,5
6335,9
6336,7
6337,6
6338,4
6339,0
6340,0
6341,3
6342,0
6343,0
6344,1
6345,4
6346,0
6347,6
6348,3
6349,4
6350,8
6351,7
6352,6
6353,0
6354,7
6355,2
6356,6
6357,3
6358,0
6359,0
6360,1
6361,4
6362,2
6363,3
6364,6
6365,4
6366,0
6367,2
6368,2
6369,0
6370,0
6371,1
6372,3
6373,7
6374,4
6375,0
6376,2
6377,6
6378,6
6379,9
6380,7
6381,9
6382,9
6383,2
6384,3
6385,3
6386,1
6387,1
6388,1
6389,2
6390,7
6391,9
6392,3
6393,3
6394,6
6395,8
6396,3
6397,6
6398,5
6399,0
6400,2
6401,7
6402,2
6403,4
6404,2
6405,4
6406,1
6407,2
6408,5
6409,6
6410,4
6411,2
6412,4
6413,0
6414,0
6415,5
6416,5
6417,5
6418,2
6419,1
6420,5
6421,9
6422,5
6423,1
6424,0
6425,4
6426,6
6427,6
6428,8
6429,7
6430,3
6431,6
6432,3
6433,0
6434,1
6435,5
6436,6
6437,5
6438,8
6439,8
6440,5
6441,1
6442,1
6443,3
6444,4
6445,6
6446,0
6447,5
6448,9
6449,7
6450,5
6451,8
6452,3
6453,1
6454,1
6455,6
6456,5
6457,3
6458,2
6459,1
6460,2
6461,8
6462,7
6463,5
6464,5
6465,6
6466,2
6467,5
6468,3
6469,2
6470,0
6471,1
6472,0
6473,6
6474,5
6475,6
6476,2
6477,2
6478,1
6479,8
6480,2
6481,3
6482,5
6483,9
6484,4
6485,6
6486,9
6487,1
6488,6
6489,3
6490,4
6491,1
6492,3
6493,8
6494,8
6495,4
6496,5
6497,4
6498,6
6499,1
6500,2
6501,3
6502,5
6503,6
6504,5
6505,8
6506,9
6507,6
6508,3
6509,4
6510,2
6511,3
6512,3
6513,7
6514,7
6515,8
6516,0
6517,4
6518,7
6519,5
6520,9
6521,8
6522,7
6523,5
6524,9
6525,4
6526,5
6527,1
6528,6
6529,9
6530,7
6531,4
6532,6
6533,6
6534,4
6535,0
6536,7
6537,9
6538,4
6539,2
6540,4
6541,6
6542,7
6543,2
6544,8
6545,0
6546,7
6547,2
6548,8
6549,8
6550,5
6551,3
6552,3
6553,9
6554,0
6555,5
6556,8
6557,4
6558,1
6559,7
6560,8
6561,9
6562,0
6563,2
6564,9
6565,2
6566,1
6567,1
6568,6
6569,7
6570,2
6571,2
6572,7
6573,2
6574,0
6575,1
6576,3
6577,6
6578,1
6579,0
6580,3
6581,9
6582,4
6583,8
6584,8
6585,8
6586,1
6587,6
6588,5
6589,2
6590,9
6591,6
6592,7
6593,6
6594,6
6595,1
6596,9
6597,2
6598,7
6599,2
6600,9
6601,0
6602,0
6603,1
6604,8
6605,2
6606,2
6607,2
6608,0
6609,1
6610,1
6611,9
6612,0
6613,7
6614,0
6615,3
6616,3
6617,0
6618,5
6619,4
6620,7
6621,5
6622,1
6623,2
6624,8
6625,6
6626,1
6627,1
6628,9
6629,9
6630,5
6631,5
6632,2
6633,6
6634,6
6635,1
6636,2
6637,3
6638,7
6639,9
6640,0
6641,0
6642,8
6643,9
6644,7
6645,3
6646,4
6647,3
6648,3
6649,4
6650,5
6651,2
6652,7
6653,8
6654,3
6655,4
6656,8
6657,9
6658,2
6659,7
6660,4
6661,5
6662,1
6663,1
6664,3
6665,4
6666,8
6667,3
6668,4
6669,5
6670,3
6671,1
6672,8
6673,2
6674,1
6675,0
6676,0
6677,6
6678,0
6679,1
6680,9
6681,5
6682,9
6683,8
6684,2
6685,2
6686,0
6687,0
6688,2
6689,5
6690,2
6691,9
6692,8
6693,6
6694,8
6695,9
6696,7
6697,7
6698,5
6699,9
6700,4
6701,3
6702,3
6703,5
6704,9
6705,4
6706,1
6707,4
6708,9
6709,8
6710,8
6711,2
6712,4
6713,2
6714,7
6715,7
6716,2
6717,7
6718,8
6719,2
6720,9
6721,1
6722,2
6723,0
6724,8
6725,3
6726,7
6727,4
6728,7
6729,1
6730,1
6731,5
6732,7
6733,7
6734,7
6735,3
6736,9
6737,9
6738,8
6739,2
6740,4
6741,6
6742,6
6743,0
6744,2
6745,8
6746,1
6747,6
6748,5
6749,5
6750,2
6751,9
6752,9
6753,2
6754,8
6755,4
6756,3
6757,7
6758,2
6759,6
6760,3
6761,3
6762,7
6763,0
6764,5
6765,4
6766,2
6767,8
6768,6
6769,3
6770,7
6771,8
6772,3
6773,5
6774,0
6775,6
6776,9
6777,1
6778,5
6779,5
6780,6
6781,3
6782,2
6783,9
6784,5
6785,1
6786,5
6787,3
6788,4
6789,2
6790,2
6791,3
6792,4
6793,0
6794,6
6795,7
6796,8
6797,1
6798,5
6799,1
6800,7
6801,7
6802,8
6803,8
6804,2
6805,4
6806,3
6807,5
6808,7
6809,8
6810,0
6811,2
6812,2
6813,0
6814,4
6815,2
6816,8
6817,5
6818,1
6819,8
6820,3
6821,3
6822,8
6823,4
6824,8
6825,2
6826,4
6827,5
6828,4
6829,8
6830,1
6831,1
6832,5
6833,8
6834,2
6835,6
6836,2
6837,5
6838,3
6839,0
6840,9
6841,4
6842,0
6843,4
6844,6
6845,1
6846,7
6847,3
6848,3
6849,7
6850,1
6851,6
6852,0
6853,5
6854,7
6855,7
6856,8
6857,6
6858,3
6859,6
6860,4
6861,7
6862,5
6863,0
6864,4
6865,1
6866,7
6867,1
6868,9
6869,5
6870,9
6871,2
6872,1
6873,3
6874,2
6875,8
6876,4
6877,8
6878,2
6879,6
6880,1
6881,6
6882,3
6883,2
6884,0
6885,0
6886,2
6887,9
6888,6
6889,7
6890,7
6891,6
6892,8
6893,2
6894,6
6895,9
6896,7
6897,3
6898,0
6899,7
6900,4
6901,3
6902,9
6903,8
6904,8
6905,2
6906,9
6907,3
6908,5
6909,2
6910,1
6911,9
6912,1
6913,0
6914,3
6915,7
6916,3
6917,1
6918,2
6919,7
6920,4
6921,7
6922,0
6923,2
6924,8
6925,5
6926,5
6927,3
6928,2
6929,3
6930,5
6931,2
6932,6
6933,5
6934,4
6935,3
6936,8
6937,9
6938,6
6939,4
6940,3
6941,4
6942,0
6943,5
6944,7
6945,1
6946,0
6947,3
6948,5
6949,1
6950,9
6951,6
6952,3
6953,3
6954,0
6955,0
6956,7
6957,9
6958,1
6959,0
6960,2
6961,1
6962,7
6963,6
6964,4
6965,9
6966,1
6967,7
6968,0
6969,5
6970,8
6971,3
6972,5
6973,8
6974,1
6975,2
6976,6
6977,9
6978,9
6979,5
6980,9
6981,7
6982,4
6983,1
6984,7
6985,1
6986,6
6987,8
6988,2
6989,0
6990,7
6991,9
6992,5
6993,9
6994,7
6995,6
6996,2
6997,9
6998,8
6999,2
7000,3
7001,1
7002,1
7003,0
7004,6
7005,3
7006,1
7007,7
7008,9
7009,0
7010,0
7011,5
7012,9
7013,5
7014,4
7015,8
7016,7
7017,4
7018,1
7019,9
7020,2
7021,9
7022,1
7023,6
7024,6
7025,6
7026,8
7027,4
7028,2
7029,0
7030,5
7031,0
7032,7
7033,5
7034,3
7035,6
7036,0
7037,5
7038,4
7039,1
7040,7
7041,1
7042,5
7043,8
7044,1
7045,7
7046,4
7047,3
7048,8
7049,4
7050,2
7051,6
7052,7
7053,9
7054,7
7055,9
7056,9
7057,1
7058,4
7059,1
7060,4
7061,4
7062,5
7063,3
7064,5
7065,8
7066,5
7067,5
7068,0
7069,2
7070,1
7071,8
7072,0
7073,1
7074,8
7075,1
7076,2
7077,0
7078,3
7079,2
7080,2
7081,9
7082,1
7083,8
7084,8
7085,1
7086,9
7087,7
7088,7
7089,3
7090,3
7091,0
7092,3
7093,7
7094,5
7095,4
7096,1
7097,2
7098,6
7099,0
7100,2
7101,7
7102,9
7103,1
7104,9
7105,4
7106,5
7107,5
7108,4
7109,9
7110,5
7111,1
7112,9
7113,2
7114,9
7115,5
7116,0
7117,3
7118,0
7119,4
7120,6
7121,0
7122,7
7123,2
7124,0
7125,8
7126,4
7127,5
7128,6
7129,7
7130,7
7131,9
7132,3
7133,5
7134,6
7135,7
7136,2
7137,0
7138,1
7139,2
7140,7
7141,8
7142,0
7143,1
7144,2
7145,4
7146,4
7147,7
7148,4
7149,0
7150,4
7151,3
7152,0
7153,6
7154,2
7155,9
7156,4
7157,2
7158,9
7159,5
7160,7
7161,8
7162,0
7163,7
7164,8
7165,1
7166,1
7167,4
7168,1
7169,4
7170,2
7171,9
7172,9
7173,5
7174,5
7175,1
7176,5
7177,0
7178,5
7179,8
7180,3
7181,1
7182,6
7183,0
7184,7
7185,6
7186,2
7187,1
7188,2
7189,2
7190,8
7191,7
7192,7
7193,5
7194,3
7195,4
7196,7
7197,1
7198,7
7199,8
7200,0
7201,4
7202,0
7203,1
7204,0
7205,7
7206,3
7207,7
7208,9
7209,8
7210,1
7211,2
7212,4
7213,0
7214,2
7215,8
7216,1
7217,0
7218,8
7219,3
7220,6
7221,0
7222,4
7223,2
7224,8
7225,1
7226,3
7227,3
7228,9
7229,0
7230,8
7231,8
7232,9
7233,8
7234,9
7235,0
7236,6
7237,6
7238,7
7239,4
7240,0
7241,6
7242,5
7243,2
7244,0
7245,0
7246,0
7247,4
7248,7
7249,8
7250,9
7251,0
7252,0
7253,8
7254,8
7255,3
7256,8
7257,8
7258,5
7259,8
7260,6
7261,6
7262,4
7263,6
7264,1
7265,9
7266,4
7267,9
7268,6
7269,4
7270,1
7271,7
7272,1
7273,4
7274,1
7275,2
7276,2
7277,2
7278,1
7279,0
7280,2
7281,4
7282,2
7283,8
7284,5
7285,1
7286,9
7287,6
7288,5
7289,6
7290,2
7291,4
7292,8
7293,3
7294,4
7295,9
7296,2
7297,6
7298,9
7299,5
7300,0
7301,6
7302,8
7303,0
7304,9
7305,8
7306,4
7307,7
7308,2
7309,9
7310,1
7311,1
7312,9
7313,1
7314,2
7315,4
7316,2
7317,1
7318,5
7319,7
7320,2
7321,9
7322,1
7323,6
7324,3
7325,5
7326,9
7327,0
7328,1
7329,0
7330,7
7331,1
7332,7
7333,1
7334,4
7335,5
7336,8
7337,7
7338,2
7339,7
7340,4
7341,9
7342,1
7343,3
7344,1
7345,6
7346,8
7347,2
7348,4
7349,1
7350,6
7351,1
7352,6
7353,2
7354,2
7355,9
7356,6
7357,1
7358,4
7359,7
7360,0
7361,2
7362,1
7363,3
7364,6
7365,0
7366,5
7367,6
7368,2
7369,3
7370,5
7371,4
7372,7
7373,0
7374,0
7375,0
7376,1
7377,7
7378,7
7379,8
7380,2
7381,0
7382,4
7383,4
7384,9
7385,7
7386,8
7387,0
7388,5
7389,9
7390,0
7391,6
7392,8
7393,5
7394,6
7395,6
7396,3
7397,0
7398,8
7399,8
7400,6
7401,5
7402,6
7403,2
7404,9
7405,2
7406,1
7407,4
7408,8
7409,9
7410,5
7411,4
7412,4
7413,5
7414,9
7415,7
7416,2
7417,3
7418,4
7419,0
7420,8
7421,9
7422,4
7423,0
7424,6
7425,6
7426,1
7427,7
7428,9
7429,8
7430,4
7431,0
7432,9
7433,9
7434,4
7435,6
7436,2
7437,1
7438,2
7439,5
7440,6
7441,3
7442,0
7443,8
7444,8
7445,0
7446,1
7447,1
7448,5
7449,7
7450,0
7451,0
7452,6
7453,9
7454,6
7455,4
7456,7
7457,6
7458,0
7459,5
7460,2
7461,3
7462,1
7463,3
7464,5
7465,2
7466,0
7467,8
7468,2
7469,1
7470,7
7471,0
7472,0
7473,5
7474,4
7475,4
7476,8
7477,9
7478,2
7479,5
7480,4
7481,0
7482,4
7483,6
7484,0
7485,6
7486,9
7487,6
7488,5
7489,5
7490,8
7491,5
7492,7
7493,5
7494,3
7495,1
7496,3
7497,2
7498,7
7499,4
7500,6
7501,3
7502,5
7503,7
7504,8
7505,3
7506,1
7507,0
7508,3
7509,0
7510,0
7511,4
7512,5
7513,2
7514,9
7515,3
7516,7
7517,9
7518,1
7519,7
7520,0
7521,6
7522,0
7523,8
7524,5
7525,1
7526,9
7527,1
7528,0
7529,4
7530,3
7531,4
7532,2
7533,8
7534,0
7535,2
7536,1
7537,1
7538,9
7539,3
7540,4
7541,7
7542,5
7543,6
7544,8
7545,2
7546,2
7547,3
7548,3
7549,1
7550,2
7551,5
7552,5
7553,5
7554,0
7555,6
7556,1
7557,2
7558,1
7559,6
7560,7
7561,9
7562,7
7563,0
7564,5
7565,9
7566,4
7567,4
7568,4
7569,4
7570,8
7571,9
7572,9
7573,8
7574,0
7575,1
7576,2
7577,1
7578,3
7579,3
7580,2
7581,4
7582,0
7583,9
7584,5
7585,1
7586,7
7587,7
7588,2
7589,9
7590,3
7591,8
7592,6
7593,1
7594,7
7595,9
7596,6
7597,4
7598,5
7599,5
7600,7
7601,2
7602,7
7603,8
7604,2
7605,0
7606,9
7607,0
7608,5
7609,6
7610,8
7611,8
7612,9
7613,2
7614,3
7615,7
7616,0
7617,8
7618,1
7619,3
7620,9
7621,6
7622,2
7623,6
7624,5
7625,9
7626,6
7627,0
7628,5
7629,0
7630,2
7631,6
7632,9
7633,4
7634,7
7635,5
7636,4
7637,5
7638,9
7639,2
7640,4
7641,4
7642,1
7643,5
7644,1
7645,0
7646,2
7647,1
7648,5
7649,6
7650,0
7651,7
7652,2
7653,9
7654,6
7655,3
7656,5
7657,4
7658,1
7659,1
7660,4
7661,7
7662,1
7663,1
7664,0
7665,3
7666,6
7667,3
7668,4
7669,3
7670,5
7671,0
7672,6
7673,1
7674,2
7675,0
7676,7
7677,2
7678,0
7679,2
7680,3
7681,8
7682,8
7683,5
7684,8
7685,6
7686,0
7687,4
7688,5
7689,8
7690,0
7691,8
7692,0
7693,3
7694,1
7695,4
7696,1
7697,2
7698,6
7699,5
7700,6
7701,3
7702,3
7703,9
7704,4
7705,9
7706,4
7707,2
7708,5
7709,9
7710,0
7711,2
7712,3
7713,8
7714,9
7715,8
7716,7
7717,4
7718,8
7719,9
7720,3
7721,6
7722,4
7723,3
7724,1
7725,7
7726,4
7727,4
7728,3
7729,8
7730,2
7731,6
7732,4
7733,8
7734,6
7735,8
7736,8
7737,5
7738,3
7739,5
7740,1
7741,3
7742,2
7743,7
7744,8
7745,5
7746,7
7747,0
7748,3
7749,0
7750,0
7751,5
7752,7
7753,2
7754,7
7755,4
7756,3
7757,8
7758,7
7759,7
7760,6
7761,6
7762,8
7763,3
7764,6
7765,7
7766,5
7767,3
7768,1
7769,1
7770,2
7771,4
7772,8
7773,9
7774,8
7775,1
7776,2
7777,6
7778,4
7779,5
7780,6
7781,7
7782,4
7783,0
7784,4
7785,8
7786,9
7787,6
7788,9
7789,9
7790,8
7791,9
7792,3
7793,8
7794,7
7795,2
7796,4
7797,6
7798,9
7799,9
7800,9
7801,6
7802,8
7803,9
7804,5
7805,9
7806,5
7807,1
7808,7
7809,4
7810,5
7811,0
7812,9
7813,5
7814,6
7815,8
7816,9
7817,9
7818,5
7819,9
7820,8
7821,0
7822,8
7823,7
7824,1
7825,9
7826,3
7827,2
7828,4
7829,1
7830,5
7831,9
7832,2
7833,6
7834,1
7835,3
7836,4
7837,0
7838,3
7839,3
7840,0
7841,8
7842,0
7843,6
7844,8
7845,4
7846,0
7847,9
7848,6
7849,1
7850,6
7851,8
7852,1
7853,4
7854,5
7855,8
7856,5
7857,2
7858,4
7859,2
7860,8
7861,3
7862,5
7863,1
7864,6
7865,3
7866,8
7867,1
7868,4
7869,8
7870,4
7871,3
7872,0
7873,6
7874,7
7875,9
7876,6
7877,1
7878,3
7879,7
7880,4
7881,4
7882,6
7883,5
7884,2
7885,7
7886,7
7887,7
7888,4
7889,5
7890,0
7891,5
7892,0
7893,3
7894,8
7895,3
7896,0
7897,5
7898,1
7899,6
7900,7
7901,6
7902,3
7903,0
7904,2
7905,2
7906,0
7907,8
7908,1
7909,5
7910,0
7911,2
7912,7
7913,1
7914,7
7915,6
7916,2
7917,4
7918,7
7919,2
7920,1
7921,6
7922,0
7923,9
7924,5
7925,3
7926,4
7927,1
7928,9
7929,8
7930,1
7931,2
7932,8
7933,6
7934,9
7935,2
7936,5
7937,9
7938,3
7939,2
7940,9
7941,7
7942,1
7943,9
7944,3
7945,9
7946,6
7947,5
7948,4
7949,9
7950,3
7951,3
7952,8
7953,5
7954,7
7955,9
7956,8
7957,5
7958,4
7959,6
7960,8
7961,8
7962,8
7963,7
7964,3
7965,8
7966,0
7967,2
7968,9
7969,7
7970,4
7971,2
7972,8
7973,2
7974,9
7975,0
7976,9
7977,4
7978,2
7979,8
7980,3
7981,5
7982,9
7983,6
7984,2
7985,6
7986,2
7987,2
7988,7
7989,2
7990,7
7991,8
7992,1
7993,0
7994,0
7995,1
7996,3
7997,1
7998,6
7999,9
8000,3
8001,1
8002,8
8003,1
8004,2
8005,9
8006,3
8007,9
8008,4
8009,0
8010,4
8011,3
8012,4
8013,4
8014,9
8015,0
8016,5
8017,7
8018,8
8019,9
8020,8
8021,6
8022,7
8023,4
8024,6
8025,7
8026,4
8027,1
8028,9
8029,5
8030,0
8031,9
8032,4
8033,7
8034,8
8035,7
8036,5
8037,3
8038,4
8039,4
8040,7
8041,5
8042,5
8043,6
8044,6
8045,1
8046,2
8047,4
8048,4
8049,9
8050,7
8051,2
8052,6
8053,0
8054,6
8055,8
8056,8
8057,1
8058,8
8059,0
8060,5
8061,6
8062,6
8063,3
8064,9
8065,0
8066,9
8067,7
8068,8
8069,7
8070,4
8071,5
8072,6
8073,9
8074,7
8075,2
8076,3
8077,1
8078,4
8079,4
8080,6
8081,0
8082,0
8083,9
8084,7
8085,9
8086,3
8087,5
8088,7
8089,0
8090,3
8091,8
8092,9
8093,3
8094,0
8095,9
8096,6
8097,1
8098,0
8099,3
8100,6
8101,3
8102,4
8103,6
8104,0
8105,3
8106,3
8107,1
8108,5
8109,4
8110,5
8111,0
8112,8
8113,8
8114,9
8115,8
8116,8
8117,9
8118,2
8119,0
8120,7
8121,8
8122,8
8123,7
8124,4
8125,5
8126,7
8127,5
8128,8
8129,2
8130,1
8131,1
8132,2
8133,1
8134,1
8135,1
8136,6
8137,2
8138,4
8139,9
8140,8
8141,0
8142,9
8143,3
8144,2
8145,4
8146,5
8147,6
8148,8
8149,2
8150,6
8151,1
8152,5
8153,5
8154,8
8155,4
8156,1
8157,6
8158,4
8159,5
8160,8
8161,5
8162,7
8163,2
8164,2
8165,7
8166,9
8167,0
8168,9
8169,3
8170,5
8171,0
8172,7
8173,2
8174,9
8175,4
8176,1
8177,7
8178,9
8179,0
8180,6
8181,6
8182,4
8183,0
8184,1
8185,8
8186,2
8187,5
8188,5
8189,6
8190,3
8191,9
8192,6
8193,2
8194,0
8195,9
8196,9
8197,0
8198,8
8199,2
8200,2
8201,2
8202,7
8203,0
8204,7
8205,5
8206,6
8207,8
8208,4
8209,2
8210,6
8211,8
8212,9
8213,9
8214,5
8215,2
8216,0
8217,7
8218,4
8219,1
8220,0
8221,9
8222,5
8223,5
8224,4
8225,2
8226,4
8227,0
8228,0
8229,4
8230,3
8231,5
8232,5
8233,1
8234,2
8235,2
8236,9
8237,6
8238,9
8239,8
8240,8
8241,6
8242,6
8243,3
8244,7
8245,8
8246,9
8247,8
8248,4
8249,3
8250,3
8251,5
8252,2
8253,0
8254,3
8255,7
8256,3
8257,8
8258,6
8259,7
8260,4
8261,7
8262,7
8263,6
8264,8
8265,2
8266,0
8267,6
8268,4
8269,4
8270,7
8271,8
8272,7
8273,0
8274,2
8275,5
8276,4
8277,7
8278,6
8279,6
8280,0
8281,0
8282,5
8283,5
8284,1
8285,9
8286,1
8287,7
8288,0
8289,1
8290,6
8291,1
8292,7
8293,6
8294,9
8295,4
8296,9
8297,0
8298,5
8299,6
8300,6
8301,5
8302,3
8303,4
8304,2
8305,3
8306,6
8307,4
8308,4
8309,9
8310,0
8311,3
8312,0
8313,6
8314,8
8315,8
8316,2
8317,7
8318,5
8319,1
8320,6
8321,2
8322,6
8323,4
8324,3
8325,4
8326,4
8327,6
8328,3
8329,2
8330,2
8331,3
8332,5
8333,8
8334,0
8335,3
8336,5
8337,6
8338,1
8339,5
8340,0
8341,7
8342,1
8343,2
8344,0
8345,8
8346,6
8347,0
8348,3
8349,9
8350,2
8351,5
8352,2
8353,8
8354,1
8355,3
8356,9
8357,3
8358,6
8359,1
8360,0
8361,0
8362,0
8363,6
8364,6
8365,8
8366,0
8367,5
8368,9
8369,8
8370,3
8371,2
8372,3
8373,6
8374,2
8375,1
8376,9
8377,8
8378,5
8379,2
8380,3
8381,2
8382,5
8383,8
8384,4
8385,3
8386,0
8387,8
8388,9
8389,1
8390,3
8391,2
8392,5
8393,0
8394,6
8395,0
8396,0
8397,6
8398,0
8399,0
8400,6
8401,1
8402,4
8403,2
8404,0
8405,4
8406,7
8407,5
8408,2
8409,5
8410,6
8411,3
8412,5
8413,0
8414,7
8415,1
8416,2
8417,0
8418,7
8419,9
8420,9
8421,3
8422,7
8423,6
8424,7
8425,8
8426,9
8427,8
8428,8
8429,2
8430,1
8431,5
8432,4
8433,4
8434,1
8435,7
8436,2
8437,3
8438,8
8439,3
8440,5
8441,1
8442,5
8443,4
8444,7
8445,2
8446,5
8447,6
8448,2
8449,9
8450,7
8451,8
8452,3
8453,3
8454,7
8455,5
8456,1
8457,8
8458,7
8459,1
8460,6
8461,2
8462,4
8463,3
8464,2
8465,8
8466,0
8467,8
8468,6
8469,5
8470,8
8471,0
8472,3
8473,3
8474,2
8475,3
8476,6
8477,3
8478,2
8479,1
8480,3
8481,8
8482,4
8483,2
8484,9
8485,1
8486,3
8487,6
8488,5
8489,1
8490,6
8491,4
8492,7
8493,6
8494,4
8495,2
8496,6
8497,1
8498,5
8499,4
8500,1
8501,1
8502,7
8503,1
8504,9
8505,4
8506,2
8507,0
8508,9
8509,4
8510,8
8511,7
8512,7
8513,2
8514,0
8515,1
8516,6
8517,3
8518,0
8519,0
8520,8
8521,8
8522,9
8523,3
8524,5
8525,6
8526,7
8527,6
8528,9
8529,2
8530,5
8531,8
8532,4
8533,1
8534,9
8535,9
8536,0
8537,8
8538,8
8539,6
8540,3
8541,2
8542,1
8543,9
8544,5
8545,4
8546,3
8547,7
8548,3
8549,9
8550,8
8551,9
8552,6
8553,9
8554,8
8555,2
8556,9
8557,0
8558,9
8559,7
8560,6
8561,8
8562,8
8563,1
8564,2
8565,0
8566,3
8567,3
8568,7
8569,9
8570,2
8571,1
8572,5
8573,7
8574,5
8575,0
8576,2
8577,4
8578,5
8579,4
8580,6
8581,2
8582,8
8583,1
8584,9
8585,8
8586,8
8587,6
8588,4
8589,6
8590,9
8591,3
8592,9
8593,3
8594,8
8595,3
8596,6
8597,9
8598,9
8599,7
8600,9
8601,0
8602,2
8603,8
8604,8
8605,1
8606,1
8607,8
8608,9
8609,9
8610,9
8611,3
8612,0
8613,2
8614,7
8615,7
8616,1
8617,6
8618,8
8619,2
8620,9
8621,1
8622,5
8623,7
8624,6
8625,0
8626,2
8627,5
8628,9
8629,6
8630,7
8631,8
8632,7
8633,5
8634,7
8635,3
8636,1
8637,7
8638,9
8639,1
8640,0
8641,8
8642,8
8643,1
8644,1
8645,3
8646,6
8647,9
8648,1
8649,7
8650,4
8651,6
8652,8
8653,1
8654,2
8655,4
8656,3
8657,0
8658,8
8659,6
8660,8
8661,7
8662,6
8663,1
8664,5
8665,5
8666,3
8667,4
8668,8
8669,1
8670,6
8671,4
8672,1
8673,2
8674,7
8675,8
8676,6
8677,2
8678,6
8679,9
8680,5
8681,4
8682,1
8683,5
8684,2
8685,4
8686,1
8687,7
8688,2
8689,5
8690,7
8691,4
8692,1
8693,6
8694,1
8695,4
8696,7
8697,6
8698,2
8699,5
8700,7
8701,8
8702,2
8703,1
8704,9
8705,6
8706,0
8707,3
8708,8
8709,9
8710,0
8711,7
8712,2
8713,8
8714,0
8715,0
8716,6
8717,8
8718,2
8719,8
8720,8
8721,0
8722,5
8723,1
8724,9
8725,4
8726,6
8727,1
8728,3
8729,8
8730,3
8731,3
8732,9
8733,3
8734,5
8735,8
8736,1
8737,9
8738,3
8739,9
8740,0
8741,8
8742,8
8743,4
8744,1
8745,2
8746,1
8747,4
8748,0
8749,8
8750,4
8751,0
8752,1
8753,3
8754,6
8755,2
8756,4
8757,1
8758,7
8759,0
8760,7
8761,0
8762,9
8763,4
8764,7
8765,2
8766,1
8767,5
8768,0
8769,7
8770,5
8771,3
8772,4
8773,1
8774,1
8775,6
8776,4
8777,2
8778,3
8779,3
8780,9
8781,5
8782,5
8783,8
8784,0
8785,2
8786,5
8787,8
8788,1
8789,0
8790,2
8791,0
8792,0
8793,3
8794,0
8795,6
8796,6
8797,3
8798,7
8799,0
8800,9
8801,0
8802,1
8803,9
8804,4
8805,9
8806,0
8807,3
8808,2
8809,3
8810,8
8811,1
8812,4
8813,6
8814,3
8815,6
8816,2
8817,7
8818,4
8819,8
8820,2
8821,9
8822,6
8823,3
8824,4
8825,2
8826,8
8827,2
8828,4
8829,1
8830,1
8831,7
8832,5
8833,3
8834,3
8835,9
8836,2
8837,0
8838,8
8839,7
8840,7
8841,7
8842,2
8843,5
8844,5
8845,0
8846,9
8847,9
8848,2
8849,2
8850,9
8851,1
8852,4
8853,4
8854,0
8855,8
8856,0
8857,6
8858,1
8859,3
8860,9
8861,8
8862,0
8863,6
8864,3
8865,6
8866,4
8867,6
8868,2
8869,0
8870,8
8871,0
8872,3
8873,4
8874,2
8875,4
8876,9
8877,6
8878,1
8879,1
8880,8
8881,7
8882,5
8883,0
8884,7
8885,6
8886,6
8887,3
8888,4
8889,9
8890,2
8891,8
8892,2
8893,9
8894,8
8895,5
8896,3
8897,7
8898,5
8899,2
8900,3
8901,1
8902,1
8903,6
8904,5
8905,0
8906,1
8907,5
8908,2
8909,7
8910,5
8911,4
8912,4
8913,5
8914,2
8915,2
8916,0
8917,9
8918,4
8919,4
8920,1
8921,0
8922,5
8923,5
8924,9
8925,1
8926,6
8927,4
8928,4
8929,8
8930,0
8931,5
8932,4
8933,0
8934,2
8935,8
8936,5
8937,2
8938,2
8939,3
8940,2
8941,2
8942,2
8943,3
8944,7
8945,5
8946,8
8947,9
8948,7
8949,2
8950,1
8951,3
8952,0
8953,6
8954,2
8955,2
8956,1
8957,8
8958,0
8959,6
8960,5
8961,7
8962,2
8963,2
8964,3
8965,2
8966,3
8967,2
8968,7
8969,8
8970,1
8971,8
8972,9
8973,2
8974,0
8975,7
8976,1
8977,4
8978,8
8979,6
8980,9
8981,7
8982,6
8983,3
8984,9
8985,7
8986,3
8987,5
8988,4
8989,9
8990,0
8991,9
8992,7
8993,9
8994,5
8995,9
8996,9
8997,8
8998,4
8999,1
9000,4
9001,2
9002,3
9003,2
9004,2
9005,9
9006,4
9007,1
9008,4
9009,4
9010,6
9011,0
9012,9
9013,5
9014,3
9015,9
9016,8
9017,9
9018,8
9019,0
9020,9
9021,9
9022,7
9023,7
9024,6
9025,4
9026,7
9027,9
9028,6
9029,8
9030,5
9031,9
9032,4
9033,7
9034,2
9035,2
9036,8
9037,7
9038,6
9039,8
9040,5
9041,7
9042,3
9043,6
9044,5
9045,7
9046,2
9047,8
9048,7
9049,5
9050,5
9051,3
9052,0
9053,2
9054,5
9055,3
9056,5
9057,3
9058,3
9059,3
9060,4
9061,9
9062,5
9063,0
9064,3
9065,6
9066,9
9067,5
9068,9
9069,5
9070,5
9071,4
9072,8
9073,4
9074,7
9075,9
9076,8
9077,9
9078,9
9079,9
9080,2
9081,1
9082,9
9083,7
9084,0
9085,7
9086,1
9087,1
9088,4
9089,9
9090,2
9091,8
9092,0
9093,0
9094,7
9095,7
9096,4
9097,0
9098,9
9099,8
9100,1
9101,4
9102,4
9103,4
9104,7
9105,1
9106,5
9107,3
9108,7
9109,1
9110,8
9111,4
9112,9
9113,9
9114,6
9115,1
9116,6
9117,8
9118,9
9119,3
9120,3
9121,5
9122,7
9123,5
9124,7
9125,3
9126,3
9127,2
9128,5
9129,2
9130,0
9131,4
9132,9
9133,8
9134,0
9135,7
9136,2
9137,9
9138,3
9139,4
9140,0
9141,7
9142,9
9143,6
9144,4
9145,3
9146,9
9147,7
9148,4
9149,9
9150,6
9151,5
9152,2
9153,4
9154,0
9155,4
9156,5
9157,6
9158,5
9159,5
9160,9
9161,8
9162,8
9163,5
9164,8
9165,9
9166,8
9167,0
9168,4
9169,6
9170,2
9171,7
9172,1
9173,2
9174,9
9175,2
9176,2
9177,5
9178,4
9179,4
9180,6
9181,2
9182,5
9183,0
9184,0
9185,4
9186,8
9187,7
9188,7
9189,7
9190,3
9191,7
9192,4
9193,6
9194,1
9195,0
9196,3
9197,7
9198,7
9199,3
9200,6
9201,9
9202,6
9203,8
9204,9
9205,9
9206,3
9207,6
9208,8
9209,6
9210,8
9211,8
9212,4
9213,4
9214,5
9215,8
9216,4
9217,1
9218,5
9219,3
9220,0
9221,3
9222,1
9223,1
9224,7
9225,5
9226,4
9227,5
9228,9
9229,4
9230,4
9231,5
9232,2
9233,8
9234,5
9235,2
9236,2
9237,6
9238,3
9239,5
9240,6
9241,0
9242,9
9243,0
9244,4
9245,7
9246,6
9247,2
9248,6
9249,7
9250,6
9251,3
9252,3
9253,4
9254,8
9255,5
9256,8
9257,0
9258,4
9259,0
9260,7
9261,5
9262,5
9263,0
9264,6
9265,2
9266,9
9267,1
9268,5
9269,1
9270,9
9271,2
9272,7
9273,9
9274,7
9275,9
9276,2
9277,9
9278,3
9279,2
9280,9
9281,4
9282,7
9283,5
9284,4
9285,1
9286,1
9287,4
9288,8
9289,0
9290,2
9291,1
9292,0
9293,5
9294,6
9295,0
9296,8
9297,9
9298,6
9299,1
9300,5
9301,9
9302,0
9303,5
9304,2
9305,3
9306,3
9307,3
9308,3
9309,3
9310,6
9311,9
9312,0
9313,7
9314,3
9315,1
9316,4
9317,3
9318,4
9319,9
9320,1
9321,6
9322,9
9323,3
9324,2
9325,6
9326,1
9327,0
9328,5
9329,6
9330,5
9331,1
9332,7
9333,4
9334,4
9335,1
9336,0
9337,1
9338,8
9339,6
9340,1
9341,0
9342,4
9343,7
9344,0
9345,2
9346,1
9347,4
9348,2
9349,6
9350,0
9351,1
9352,2
9353,5
9354,6
9355,3
9356,5
9357,5
9358,3
9359,3
9360,4
9361,1
9362,6
9363,2
9364,3
9365,4
9366,3
9367,5
9368,6
9369,8
9370,4
9371,1
9372,0
9373,0
9374,8
9375,8
9376,6
9377,3
9378,0
9379,7
9380,0
9381,4
9382,2
9383,9
9384,3
9385,5
9386,3
9387,7
9388,0
9389,6
9390,7
9391,1
9392,8
9393,3
9394,2
9395,6
9396,1
9397,0
9398,0
9399,5
9400,4
9401,5
9402,5
9403,0
9404,1
9405,3
9406,5
9407,9
9408,3
9409,8
9410,6
9411,0
9412,9
9413,3
9414,9
9415,4
9416,1
9417,8
9418,3
9419,7
9420,7
9421,9
9422,4
9423,9
9424,5
9425,8
9426,9
9427,0
9428,9
9429,7
9430,1
9431,5
9432,7
9433,7
9434,3
9435,5
9436,1
9437,9
9438,0
9439,6
9440,5
9441,5
9442,9
9443,3
9444,0
9445,0
9446,4
9447,8
9448,7
9449,9
9450,9
9451,2
9452,3
9453,4
9454,1
9455,6
9456,4
9457,0
9458,5
9459,1
9460,3
9461,2
9462,0
9463,9
9464,7
9465,5
9466,3
9467,4
9468,4
9469,1
9470,0
9471,5
9472,6
9473,4
9474,3
9475,1
9476,8
9477,0
9478,2
9479,0
9480,8
9481,4
9482,4
9483,4
9484,1
9485,5
9486,1
9487,1
9488,6
9489,4
9490,6
9491,0
9492,0
9493,6
9494,4
9495,7
9496,7
9497,9
9498,6
9499,6
9500,2
9501,0
9502,0
9503,1
9504,2
9505,8
9506,9
9507,5
9508,2
9509,8
9510,6
9511,7
9512,9
9513,6
9514,6
9515,7
9516,0
9517,0
9518,2
9519,3
9520,0
9521,1
9522,1
9523,7
9524,4
9525,0
9526,4
9527,6
9528,8
9529,2
9530,8
9531,0
9532,8
9533,7
9534,5
9535,1
9536,5
9537,3
9538,3
9539,4
9540,7
9541,2
9542,2
9543,4
9544,7
9545,4
9546,3
9547,0
9548,4
9549,0
9550,6
9551,4
9552,2
9553,8
9554,8
9555,0
9556,6
9557,2
9558,5
9559,8
9560,3
9561,9
9562,1
9563,6
9564,5
9565,0
9566,6
9567,7
9568,6
9569,3
9570,8
9571,2
9572,8
9573,2
9574,3
9575,1
9576,7
9577,7
9578,0
9579,6
9580,8
9581,7
9582,2
9583,5
9584,1
9585,2
9586,7
9587,4
9588,6
9589,5
9590,1
9591,3
9592,5
9593,2
9594,2
9595,1
9596,5
9597,9
9598,8
9599,9
9600,8
9601,5
9602,8
9603,0
9604,5
9605,5
9606,1
9607,6
9608,4
9609,3
9610,6
9611,7
9612,7
9613,2
9614,0
9615,6
9616,8
9617,0
9618,2
9619,5
9620,8
9621,1
9622,5
9623,2
9624,9
9625,0
9626,2
9627,7
9628,9
9629,8
9630,6
9631,4
9632,2
9633,3
9634,8
9635,5
9636,3
9637,8
9638,4
9639,8
9640,6
9641,9
9642,9
9643,7
9644,1
9645,7
9646,4
9647,2
9648,0
9649,4
9650,9
9651,9
9652,7
9653,3
9654,1
9655,2
9656,9
9657,3
9658,5
9659,6
9660,8
9661,3
9662,8
9663,1
9664,5
9665,0
9666,0
9667,0
9668,0
9669,0
9670,6
9671,8
9672,6
9673,7
9674,0
9675,4
9676,8
9677,9
9678,1
9679,6
9680,9
9681,0
9682,4
9683,5
9684,6
9685,2
9686,5
9687,9
9688,6
9689,6
9690,3
9691,7
9692,1
9693,9
9694,8
9695,9
9696,5
9697,7
9698,2
9699,5
9700,4
9701,8
9702,3
9703,9
9704,7
9705,2
9706,6
9707,4
9708,6
9709,2
9710,7
9711,2
9712,4
9713,5
9714,9
9715,1
9716,4
9717,3
9718,5
9719,4
9720,3
9721,6
9722,0
9723,9
9724,2
9725,0
9726,1
9727,8
9728,4
9729,8
9730,4
9731,2
9732,1
9733,8
9734,6
9735,0
9736,8
9737,6
9738,3
9739,4
9740,0
9741,4
9742,9
9743,7
9744,7
9745,0
9746,4
9747,1
9748,4
9749,5
9750,0
9751,7
9752,1
9753,7
9754,2
9755,7
9756,1
9757,0
9758,0
9759,2
9760,0
9761,4
9762,4
9763,5
9764,5
9765,1
9766,4
9767,2
9768,9
9769,3
9770,4
9771,9
9772,8
9773,6
9774,1
9775,7
9776,6
9777,5
9778,3
9779,7
9780,5
9781,2
9782,6
9783,0
9784,8
9785,5
9786,4
9787,7
9788,4
9789,9
9790,9
9791,5
9792,7
9793,8
9794,5
9795,6
9796,0
9797,9
9798,5
9799,9
9800,7
9801,0
9802,6
9803,9
9804,1
9805,6
9806,4
9807,6
9808,4
9809,6
9810,6
9811,5
9812,8
9813,1
9814,4
9815,1
9816,5
9817,3
9818,2
9819,7
9820,6
9821,2
9822,0
9823,1
9824,3
9825,5
9826,7
9827,3
9828,7
9829,2
9830,5
9831,0
9832,2
9833,0
9834,5
9835,4
9836,5
9837,7
9838,9
9839,6
9840,4
9841,4
9842,1
9843,8
9844,3
9845,0
9846,2
9847,4
9848,8
9849,5
9850,5
9851,6
9852,0
9853,9
9854,4
9855,7
9856,8
9857,0
9858,5
9859,1
9860,3
9861,7
9862,0
9863,2
9864,5
9865,5
9866,6
9867,2
9868,8
9869,3
9870,4
9871,9
9872,1
9873,5
9874,1
9875,0
9876,8
9877,3
9878,7
9879,9
9880,7
9881,4
9882,1
9883,9
9884,3
9885,5
9886,3
9887,0
9888,2
9889,9
9890,2
9891,1
9892,2
9893,3
9894,8
9895,9
9896,6
9897,3
9898,7
9899,2
9900,9
9901,9
9902,6
9903,3
9904,9
9905,1
9906,7
9907,7
9908,4
9909,4
9910,0
9911,9
9912,2
9913,5
9914,8
9915,6
9916,9
9917,8
9918,2
9919,1
9920,3
9921,1
9922,9
9923,1
9924,6
9925,5
9926,0
9927,5
9928,4
9929,5
9930,0
9931,6
9932,7
9933,2
9934,2
9935,7
9936,9
9937,2
9938,0
9939,2
9940,7
9941,2
9942,7
9943,6
9944,0
9945,1
9946,2
9947,4
9948,1
9949,1
9950,8
9951,6
9952,9
9953,8
9954,7
9955,3
9956,4
9957,1
9958,0
9959,8
9960,7
9961,3
9962,8
9963,2
9964,5
9965,2
9966,7
9967,1
9968,3
9969,2
9970,5
9971,3
9972,2
9973,9
9974,1
9975,4
9976,1
9977,3
9978,8
9979,3
9980,6
9981,8
9982,2
9983,3
9984,1
9985,1
9986,8
9987,0
9988,6
9989,4
9990,7
9991,2
9992,2
9993,3
9994,7
9995,1
9996,8
9997,4
9998,6
9999,1
